business_date,demand,supply,revenue,comp_set_demand,comp_set_supply,comp_set_revenue,str_occ,str_adr,str_revpar,comp_occ,comp_adr,comp_revpar,mpi,ari,rgi
2024-01-01,101,147,22346,590,761,131020.0,0.6871,221.25,152.01,0.7753,222.07,172.17,88.62,99.63,88.29
2024-01-02,102,147,17315,543,761,111804.0,0.6939,169.75,117.79,0.7135,205.9,146.92,97.25,82.44,80.17
2024-01-03,115,147,22782,566,761,128999.0,0.7823,198.1,154.98,0.7438,227.91,169.51,105.18,86.92,91.43
2024-01-04,114,147,20959,523,761,112062.0,0.7755,183.85,142.58,0.6873,214.27,147.26,112.83,85.8,96.82
2024-01-05,71,147,10094,335,761,61063.0,0.483,142.17,68.67,0.4402,182.28,80.24,109.72,78.0,85.58
2024-01-06,72,147,10735,350,761,65213.2,0.4898,149.1,73.03,0.4599,186.32,85.69,106.5,80.02,85.23
2024-01-07,66,147,11344,440,761,85808.6,0.449,171.88,77.17,0.5782,195.02,112.76,77.65,88.13,68.44
2024-01-08,71,147,9672,479,761,88756.3,0.483,136.23,65.8,0.6294,185.29,116.63,76.74,73.52,56.42
2024-01-09,75,147,12653,479,761,95581.2,0.5102,168.71,86.07,0.6294,199.54,125.6,81.06,84.55,68.53
2024-01-10,89,147,20294,617,761,157259.9,0.6054,228.02,138.05,0.8108,254.88,206.65,74.67,89.46,66.8
2024-01-11,110,147,26359,685,761,179638.6,0.7483,239.63,179.31,0.9001,262.25,236.06,83.14,91.37,75.96
2024-01-12,96,147,14210,465,761,92919.3,0.6531,148.02,96.67,0.611,199.83,122.1,106.89,74.07,79.17
2024-01-13,112,147,18755,495,761,108404.8,0.7619,167.46,127.59,0.6505,219.0,142.45,117.13,76.47,89.57
2024-01-14,116,147,20320,501,761,111804.4,0.7891,175.17,138.23,0.6583,223.16,146.92,119.87,78.5,94.09
2024-01-15,118,147,21035,513,761,111461.8,0.8027,178.26,143.1,0.6741,217.27,146.47,119.08,82.05,97.7
2024-01-16,111,147,18586,513,761,110080.3,0.7551,167.44,126.44,0.6741,214.58,144.65,112.02,78.03,87.41
2024-01-17,102,147,30894,686,761,177403.2,0.6939,302.88,210.16,0.9014,258.61,233.12,76.98,117.12,90.15
2024-01-18,141,147,50582,743,761,207369.4,0.9592,358.74,344.1,0.9763,279.1,272.5,98.25,128.53,126.28
2024-01-19,130,147,22674,654,761,144689.5,0.8844,174.42,154.24,0.8594,221.24,190.13,102.91,78.84,81.12
2024-01-20,102,147,16088,396,761,82010.3,0.6939,157.73,109.44,0.5204,207.1,107.77,133.34,76.16,101.55
2024-01-21,93,147,23374,535,761,125758.9,0.6327,251.33,159.01,0.703,235.06,165.25,90.0,106.92,96.22
2024-01-22,112,147,19080,578,761,131846.9,0.7619,170.36,129.8,0.7595,228.11,173.25,100.32,74.68,74.92
2024-01-23,117,147,19486,642,761,151296.7,0.7959,166.55,132.56,0.8436,235.66,198.81,94.35,70.67,66.68
2024-01-24,113,147,32600,689,761,186137.5,0.7687,288.5,221.77,0.9054,270.16,244.6,84.9,106.79,90.67
2024-01-25,135,147,38339,719,761,195738.1,0.9184,283.99,260.81,0.9448,272.24,257.21,97.21,104.32,101.4
2024-01-26,99,147,14618,424,761,88847.0,0.6735,147.66,99.44,0.5572,209.54,116.75,120.87,70.47,85.17
2024-01-27,111,147,17414,484,761,105170.6,0.7551,156.88,118.46,0.636,217.29,138.2,118.73,72.2,85.72
2024-01-28,134,147,22366,542,761,117991.8,0.9116,166.91,152.15,0.7122,217.7,155.05,128.0,76.67,98.13
2024-01-29,121,147,20288,546,761,121082.8,0.8231,167.67,138.01,0.7175,221.76,159.11,114.72,75.61,86.74
2024-01-30,99,147,16018,621,761,132264.3,0.6735,161.8,108.97,0.816,212.99,173.8,82.54,75.97,62.7
2024-01-31,111,147,25024,602,761,158987.2,0.7551,225.44,170.23,0.7911,264.1,208.92,95.45,85.36,81.48
2024-02-01,140,147,35868,733,761,199411.5,0.9524,256.2,244.0,0.9632,272.05,262.04,98.88,94.17,93.12
2024-02-02,90,147,13061,419,761,81352.7,0.6122,145.12,88.85,0.5506,194.16,106.9,111.19,74.74,83.12
2024-02-03,119,147,18492,483,761,105262.3,0.8095,155.39,125.8,0.6347,217.93,138.32,127.54,71.3,90.95
2024-02-04,126,147,24013,545,761,123806.8,0.8571,190.58,163.35,0.7162,227.17,162.69,119.67,83.89,100.41
2024-02-05,121,147,22159,568,761,120647.2,0.8231,183.13,150.74,0.7464,212.41,158.54,110.28,86.22,95.08
2024-02-06,116,147,19167,549,761,118902.0,0.7891,165.23,130.39,0.7214,216.58,156.24,109.38,76.29,83.45
2024-02-07,116,147,29407,637,761,172247.0,0.7891,253.51,200.05,0.8371,270.4,226.34,94.27,93.75,88.38
2024-02-08,125,147,34959,670,761,186130.7,0.8503,279.67,237.82,0.8804,277.81,244.59,96.58,100.67,97.23
2024-02-09,128,147,20771,510,761,101544.5,0.8707,162.27,141.3,0.6702,199.11,133.44,129.92,81.5,105.89
2024-02-10,113,147,20007,587,761,130208.6,0.7687,177.05,136.1,0.7714,221.82,171.1,99.65,79.82,79.54
2024-02-11,120,147,21991,601,761,132695.4,0.8163,183.26,149.6,0.7898,220.79,174.37,103.36,83.0,85.79
2024-02-12,85,147,16084,503,761,111237.0,0.5782,189.22,109.41,0.661,221.15,146.17,87.47,85.56,74.85
2024-02-13,107,147,20702,563,761,132780.8,0.7279,193.48,140.83,0.7398,235.85,174.48,98.39,82.04,80.71
2024-02-14,134,147,49015,731,761,247960.9,0.9116,365.78,333.44,0.9606,339.21,325.84,94.9,107.83,102.33
2024-02-15,132,147,51025,749,761,267231.6,0.898,386.55,347.11,0.9842,356.78,351.16,91.24,108.34,98.85
2024-02-16,112,147,21816,633,761,136376.7,0.7619,194.79,148.41,0.8318,215.45,179.21,91.6,90.41,82.81
2024-02-17,89,147,13724,424,761,84924.0,0.6054,154.2,93.36,0.5572,200.29,111.6,108.65,76.99,83.66
2024-02-18,109,147,19894,541,761,115571.5,0.7415,182.51,135.33,0.7109,213.63,151.87,104.3,85.43,89.11
2024-02-19,138,147,25241,599,761,129012.3,0.9388,182.91,171.71,0.7871,215.38,169.53,119.27,84.92,101.29
2024-02-20,139,147,26578,685,761,149671.1,0.9456,191.21,180.8,0.9001,218.5,196.68,105.05,87.51,91.93
2024-02-21,124,147,33059,739,761,213130.2,0.8435,266.6,224.89,0.9711,288.4,280.07,86.86,92.44,80.3
2024-02-22,113,147,30881,717,761,206222.9,0.7687,273.28,210.07,0.9422,287.62,270.99,81.59,95.01,77.52
2024-02-23,94,147,16761,488,761,96735.8,0.6395,178.31,114.02,0.6413,198.23,127.12,99.72,89.95,89.69
2024-02-24,143,147,29364,519,761,110034.0,0.9728,205.34,199.76,0.682,212.01,144.59,142.64,96.85,138.16
2024-02-25,143,147,33583,635,761,136437.9,0.9728,234.85,228.46,0.8344,214.86,179.29,116.59,109.3,127.42
2024-02-26,143,147,34174,665,761,148237.3,0.9728,238.98,232.48,0.8739,222.91,194.79,111.32,107.21,119.35
2024-02-27,92,147,17149,644,761,136558.0,0.6259,186.4,116.66,0.8463,212.05,179.45,73.96,87.9,65.01
2024-02-28,124,147,32298,710,761,198700.6,0.8435,260.47,219.71,0.933,279.86,261.1,90.41,93.07,84.15
2024-02-29,124,147,32298,710,761,198700.6,0.8435,260.47,219.71,0.933,279.86,261.1,90.41,93.07,84.15
2024-03-01,122,147,43013,744,761,245895.6,0.8299,352.57,292.61,0.9777,330.5,323.12,84.88,106.68,90.56
2024-03-02,113,147,20106,591,761,123199.0,0.7687,177.93,136.78,0.7766,208.46,161.89,98.98,85.35,84.49
2024-03-03,132,147,29411,649,761,153393.2,0.898,222.81,200.07,0.8528,236.35,201.57,105.3,94.27,99.26
2024-03-04,139,147,29114,694,761,164280.0,0.9456,209.45,198.05,0.912,236.71,215.87,103.68,88.48,91.75
2024-03-05,85,147,17806,655,761,150360.09999999998,0.5782,209.48,121.13,0.8607,229.56,197.58,67.18,91.25,61.31
2024-03-06,86,147,17698,635,761,150031.5,0.585,205.79,120.39,0.8344,236.27,197.15,70.11,87.1,61.07
2024-03-07,101,147,24028,676,761,185138.5,0.6871,237.9,163.46,0.8883,273.87,243.28,77.35,86.87,67.19
2024-03-08,112,147,31098,747,761,222927.2,0.7619,277.66,211.55,0.9816,298.43,292.94,77.62,93.04,72.22
2024-03-09,93,147,16055,581,761,113510.9,0.6327,172.63,109.22,0.7635,195.37,149.16,82.87,88.36,73.22
2024-03-10,80,147,15956,612,761,132450.1,0.5442,199.45,108.54,0.8042,216.42,174.05,67.67,92.16,62.36
2024-03-11,103,147,22015,666,761,153077.09999999998,0.7007,213.74,149.76,0.8752,229.85,201.15,80.06,92.99,74.45
2024-03-12,91,147,19593,682,761,159977.9,0.619,215.31,133.29,0.8962,234.57,210.22,69.07,91.79,63.41
2024-03-13,90,147,21890,674,761,187784.0,0.6122,243.22,148.91,0.8857,278.61,246.76,69.12,87.3,60.35
2024-03-14,110,147,41354,749,761,265808.1,0.7483,375.95,281.32,0.9842,354.88,349.29,76.03,105.94,80.54
2024-03-15,113,147,44351,751,761,274836.4,0.7687,392.49,301.71,0.9869,365.96,361.15,77.89,107.25,83.54
2024-03-16,87,147,15339,569,761,124153.9,0.5918,176.31,104.35,0.7477,218.2,163.15,79.15,80.8,63.96
2024-03-17,77,147,19197,591,761,133614.1,0.5238,249.31,130.59,0.7766,226.08,175.58,67.45,110.28,74.38
2024-03-18,120,147,26475,704,761,176472.5,0.8163,220.62,180.1,0.9251,250.67,231.9,88.24,88.01,77.66
2024-03-19,130,147,29431,711,761,181845.8,0.8844,226.39,200.21,0.9343,255.76,238.96,94.66,88.52,83.78
2024-03-20,137,147,31860,712,761,195003.9,0.932,232.55,216.73,0.9356,273.88,256.25,99.62,84.91,84.58
2024-03-21,121,147,47027,745,761,278308.0,0.8231,388.65,319.91,0.979,373.57,365.71,84.08,104.04,87.48
2024-03-22,129,147,52762,740,761,281120.30000000005,0.8776,409.01,358.93,0.9724,379.89,369.41,90.25,107.67,97.16
2024-03-23,124,147,23404,579,761,123367.9,0.8435,188.74,159.21,0.7608,213.07,162.11,110.87,88.58,98.21
2024-03-24,100,147,24959,600,761,151273.1,0.6803,249.59,169.79,0.7884,252.12,198.78,86.29,99.0,85.42
2024-03-25,106,147,28389,686,761,184353.3,0.7211,267.82,193.12,0.9014,268.74,242.25,80.0,99.66,79.72
2024-03-26,108,147,26748,652,761,169542.40000000002,0.7347,247.67,181.96,0.8568,260.03,222.79,85.75,95.25,81.67
2024-03-27,109,147,28287,655,761,180982.2,0.7415,259.51,192.43,0.8607,276.31,237.82,86.15,93.92,80.91
2024-03-28,113,147,42805,717,761,268870.5,0.7687,378.81,291.19,0.9422,374.99,353.31,81.59,101.02,82.42
2024-03-29,121,147,46282,723,761,277369.6,0.8231,382.5,314.84,0.9501,383.64,364.48,86.63,99.7,86.38
2024-03-30,128,147,25581,588,761,121933.7,0.8707,199.85,174.02,0.7727,207.37,160.23,112.68,96.37,108.61
2024-03-31,98,147,18425,573,761,137396.7,0.6667,188.01,125.34,0.753,239.78,180.55,88.54,78.41,69.42
2024-04-01,97,147,27460,604,761,176994.0,0.6599,283.09,186.8,0.7937,293.04,232.58,83.14,96.6,80.32
2024-04-02,98,147,27762,669,761,207010.3,0.6667,283.29,188.86,0.8791,309.43,272.02,75.84,91.55,69.43
2024-04-03,99,147,27944,642,761,199153.5,0.6735,282.26,190.1,0.8436,310.21,261.7,79.84,90.99,72.64
2024-04-04,96,147,39869,640,761,267638.8,0.6531,415.3,271.22,0.841,418.19,351.69,77.66,99.31,77.12
2024-04-05,106,147,45073,691,761,292659.8,0.7211,425.22,306.62,0.908,423.53,384.57,79.42,100.4,79.73
2024-04-06,94,147,25305,542,761,131373.3,0.6395,269.2,172.14,0.7122,242.39,172.63,89.79,111.06,99.72
2024-04-07,101,147,25609,553,761,144749.9,0.6871,253.55,174.21,0.7267,261.75,190.21,94.55,96.87,91.59
2024-04-08,110,147,27894,603,761,160580.3,0.7483,253.58,189.76,0.7924,266.3,211.01,94.43,95.22,89.93
2024-04-09,114,147,31110,600,761,156367.5,0.7755,272.89,211.63,0.7884,260.61,205.48,98.36,104.71,102.99
2024-04-10,141,147,41158,669,761,195893.9,0.9592,291.9,279.99,0.8791,292.82,257.42,109.11,99.69,108.77
2024-04-11,136,147,55352,686,761,286821.0,0.9252,407.0,376.54,0.9014,418.11,376.9,102.64,97.34,99.9
2024-04-12,120,147,51110,687,761,279126.1,0.8163,425.92,347.69,0.9028,406.3,366.79,90.42,104.83,94.79
2024-04-13,115,147,24020,614,761,140603.5,0.7823,208.87,163.4,0.8068,229.0,184.76,96.96,91.21,88.44
2024-04-14,110,147,23630,611,761,164950.4,0.7483,214.82,160.75,0.8029,269.97,216.75,93.2,79.57,74.16
2024-04-15,121,147,29313,693,761,201022.9,0.8231,242.26,199.41,0.9106,290.08,264.16,90.39,83.51,75.49
2024-04-16,134,147,38516,695,761,213072.5,0.9116,287.43,262.01,0.9133,306.58,279.99,99.81,93.75,93.58
2024-04-17,132,147,39146,707,761,215980.2,0.898,296.56,266.3,0.929,305.49,283.81,96.66,97.08,93.83
2024-04-18,121,147,49457,695,761,297405.6,0.8231,408.74,336.44,0.9133,427.92,390.81,90.12,95.52,86.09
2024-04-19,121,147,51131,701,761,298695.5,0.8231,422.57,347.83,0.9212,426.1,392.5,89.35,99.17,88.62
2024-04-20,92,147,21665,626,761,152135.6,0.6259,235.49,147.38,0.8226,243.03,199.92,76.09,96.9,73.72
2024-04-21,96,147,21953,593,761,150397.6,0.6531,228.68,149.34,0.7792,253.62,197.63,83.82,90.17,75.57
2024-04-22,106,147,28533,715,761,192870.9,0.7211,269.18,194.1,0.9396,269.75,253.44,76.75,99.79,76.59
2024-04-23,140,147,37407,725,761,204018.1,0.9524,267.19,254.47,0.9527,281.4,268.09,99.97,94.95,94.92
2024-04-24,143,147,39020,723,761,218082.7,0.9728,272.87,265.44,0.9501,301.64,286.57,102.39,90.46,92.63
2024-04-25,124,147,61316,682,761,341745.3,0.8435,494.48,417.12,0.8962,501.09,449.07,94.12,98.68,92.89
2024-04-26,142,147,80865,750,761,419857.4,0.966,569.47,550.1,0.9855,559.81,551.72,98.02,101.73,99.71
2024-04-27,138,147,38245,651,761,177957.1,0.9388,277.14,260.17,0.8555,273.36,233.85,109.74,101.38,111.26
2024-04-28,118,147,31831,672,761,189997.9,0.8027,269.75,216.54,0.883,282.73,249.67,90.91,95.41,86.73
2024-04-29,140,147,42071,723,761,224017.3,0.9524,300.51,286.2,0.9501,309.84,294.37,100.24,96.99,97.22
2024-04-30,138,147,42981,734,761,231883.3,0.9388,311.46,292.39,0.9645,315.92,304.71,97.34,98.59,95.96
2024-05-01,143,147,50254,733,761,264338.3,0.9728,351.43,341.86,0.9632,360.63,347.36,101.0,97.45,98.42
2024-05-02,129,147,61810,694,761,342710.7,0.8776,479.15,420.48,0.912,493.82,450.34,96.23,97.03,93.37
2024-05-03,140,147,73446,724,761,374733.9,0.9524,524.61,499.63,0.9514,517.59,492.42,100.11,101.36,101.46
2024-05-04,140,147,36648,664,761,189667.6,0.9524,261.77,249.31,0.8725,285.64,249.23,109.16,91.64,100.03
2024-05-05,104,147,28837,604,761,181330.0,0.7075,277.28,196.17,0.7937,300.22,238.28,89.14,92.36,82.33
2024-05-06,139,147,41834,671,761,215821.0,0.9456,300.96,284.59,0.8817,321.64,283.6,107.25,93.57,100.35
2024-05-07,142,147,44905,746,761,274233.0,0.966,316.23,305.48,0.9803,367.6,360.36,98.54,86.03,84.77
2024-05-08,138,147,44637,746,761,272209.0,0.9388,323.46,303.65,0.9803,364.89,357.7,95.77,88.65,84.89
2024-05-09,136,147,49282,699,761,235808.0,0.9252,362.37,335.25,0.9185,337.35,309.87,100.73,107.42,108.19
2024-05-10,134,147,63242,716,761,331124.0,0.9116,471.96,430.22,0.9409,462.46,435.12,96.89,102.05,98.87
2024-05-11,136,147,63780,742,761,359816.0,0.9252,468.97,433.88,0.975,484.93,472.82,94.89,96.71,91.76
2024-05-12,81,147,21563,623,761,190469.0,0.551,266.21,146.69,0.8187,305.73,250.29,67.3,87.07,58.61
2024-05-13,109,147,33958,701,761,251400.0,0.7415,311.54,231.01,0.9212,358.63,330.35,80.49,86.87,69.93
2024-05-14,141,147,67984,750,761,362919.0,0.9592,482.16,462.48,0.9855,483.89,476.9,97.33,99.64,96.98
2024-05-15,141,147,66421,756,761,368039.0,0.9592,471.07,451.84,0.9934,486.82,483.63,96.56,96.76,93.43
2024-05-16,127,147,58600,737,761,345531.0,0.8639,461.42,398.64,0.9685,468.83,454.05,89.2,98.42,87.8
2024-05-17,136,147,69317,740,761,402976.0,0.9252,509.68,471.54,0.9724,544.56,529.53,95.15,93.59,89.05
2024-05-18,140,147,77520,756,761,431445.0,0.9524,553.71,527.35,0.9934,570.69,566.94,95.87,97.02,93.02
2024-05-19,123,147,35563,672,761,206182.0,0.8367,289.13,241.93,0.883,306.82,270.94,94.76,94.23,89.29
2024-05-20,138,147,44338,699,761,223213.0,0.9388,321.29,301.62,0.9185,319.33,293.32,102.21,100.61,102.83
2024-05-21,144,147,47783,739,761,259034.0,0.9796,331.83,325.05,0.9711,350.52,340.39,100.88,94.67,95.49
2024-05-22,140,147,49176,727,761,250510.0,0.9524,351.26,334.53,0.9553,344.58,329.19,99.7,101.94,101.62
2024-05-23,143,147,52585,715,761,243218.0,0.9728,367.73,357.72,0.9396,340.17,319.6,103.53,108.1,111.93
2024-05-24,135,147,55657,730,761,306138.0,0.9184,412.27,378.62,0.9593,419.37,402.28,95.74,98.31,94.12
2024-05-25,140,147,65821,753,761,358776.0,0.9524,470.15,447.76,0.9895,476.46,471.45,96.25,98.68,94.98
2024-05-26,141,147,40626,692,761,229163.0,0.9592,288.13,276.37,0.9093,331.16,301.13,105.49,87.01,91.78
2024-05-27,89,147,20513,487,761,128394.0,0.6054,230.48,139.54,0.6399,263.64,168.72,94.61,87.42,82.71
2024-05-28,94,147,24099,547,761,154743.0,0.6395,256.37,163.94,0.7188,282.89,203.34,88.97,90.63,80.62
2024-05-29,99,147,24154,630,761,179297.0,0.6735,243.98,164.31,0.8279,284.6,235.61,81.35,85.73,69.74
2024-05-30,119,147,31787,676,761,197172.0,0.8095,267.12,216.24,0.8883,291.67,259.1,91.13,91.58,83.46
2024-05-31,143,147,58541,723,761,323313.0,0.9728,409.38,398.24,0.9501,447.18,424.85,102.39,91.55,93.74
2024-06-01,141,147,63064,741,761,380897.0,0.9592,447.26,429.01,0.9737,514.03,500.52,98.51,87.01,85.71
2024-06-02,116,147,31334,618,761,179744.0,0.7891,270.12,213.16,0.8121,290.85,236.19,97.17,92.87,90.25
2024-06-03,132,147,39059,678,761,219871.0,0.898,295.9,265.71,0.8909,324.29,288.92,100.8,91.25,91.97
2024-06-04,145,147,43810,754,761,289710.0,0.9864,302.14,298.03,0.9908,384.23,380.7,99.56,78.64,78.28
2024-06-05,145,147,46595,747,761,290278.0,0.9864,321.34,316.97,0.9816,388.59,381.44,100.49,82.69,83.1
2024-06-06,138,147,47652,736,761,294917.0,0.9388,345.3,324.16,0.9671,400.7,387.54,97.07,86.17,83.65
2024-06-07,135,147,57427,741,761,362163.0,0.9184,425.39,390.66,0.9737,488.75,475.9,94.32,87.04,82.09
2024-06-08,140,147,67522,737,761,384226.0,0.9524,482.3,459.33,0.9685,521.34,504.9,98.34,92.51,90.97
2024-06-09,146,147,42940,681,761,201139.0,0.9932,294.11,292.11,0.8949,295.36,264.31,110.98,99.58,110.52
2024-06-10,142,147,42239,715,761,246897.0,0.966,297.46,287.34,0.9396,345.31,324.44,102.81,86.14,88.56
2024-06-11,145,147,46826,741,761,293834.0,0.9864,322.94,318.54,0.9737,396.54,386.12,101.3,81.44,82.5
2024-06-12,145,147,46548,740,761,290081.0,0.9864,321.02,316.65,0.9724,392.0,381.18,101.44,81.89,83.07
2024-06-13,139,147,46050,703,761,263274.0,0.9456,331.29,313.27,0.9238,374.5,345.96,102.36,88.46,90.55
2024-06-14,131,147,57367,721,761,353169.0,0.8912,437.92,390.25,0.9474,489.83,464.09,94.07,89.4,84.09
2024-06-15,135,147,65240,712,761,349030.0,0.9184,483.26,443.81,0.9356,490.21,458.65,98.16,98.58,96.76
2024-06-16,112,147,28910,547,761,139019.0,0.7619,258.12,196.67,0.7188,254.15,182.68,106.0,101.56,107.66
2024-06-17,133,147,34717,583,761,159012.0,0.9048,261.03,236.17,0.7661,272.75,208.95,118.1,95.7,113.03
2024-06-18,131,147,35809,654,761,183277.0,0.8912,273.35,243.6,0.8594,280.24,240.84,103.7,97.54,101.15
2024-06-19,125,147,33321,697,761,195118.0,0.8503,266.57,226.67,0.9159,279.94,256.4,92.84,95.22,88.4
2024-06-20,122,147,35582,735,761,235385.0,0.8299,291.66,242.05,0.9658,320.25,309.31,85.93,91.07,78.25
2024-06-21,144,147,62593,688,761,330229.0,0.9796,434.67,425.8,0.9041,479.98,433.94,108.35,90.56,98.12
2024-06-22,142,147,66181,730,761,363667.0,0.966,466.06,450.21,0.9593,498.17,477.88,100.7,93.55,94.21
2024-06-23,146,147,42041,699,761,212996.0,0.9932,287.95,285.99,0.9185,304.72,279.89,108.13,94.5,102.18
2024-06-24,146,147,46014,739,761,251640.0,0.9932,315.16,313.02,0.9711,340.51,330.67,102.28,92.56,94.66
2024-06-25,147,147,48042,756,761,267570.0,1.0,326.82,326.82,0.9934,353.93,351.6,100.66,92.34,92.95
2024-06-26,140,147,46209,754,761,236776.0,0.9524,330.06,314.35,0.9908,314.03,311.14,96.12,105.1,101.03
2024-06-27,146,147,47631,735,761,233421.0,0.9932,326.24,324.02,0.9658,317.58,306.73,102.84,102.73,105.64
2024-06-28,139,147,52719,728,761,312623.0,0.9456,379.27,358.63,0.9566,429.43,410.81,98.85,88.32,87.3
2024-06-29,140,147,56265,749,761,333765.0,0.9524,401.89,382.76,0.9842,445.61,438.59,96.77,90.19,87.27
2024-06-30,119,147,30241,650,761,170743.0,0.8095,254.13,205.72,0.8541,262.68,224.37,94.78,96.75,91.69
2024-07-01,94,147,23972,518,761,122047.0,0.6395,255.02,163.07,0.6807,235.61,160.38,93.95,108.24,101.68
2024-07-02,91,147,23289,507,761,124883.0,0.619,255.92,158.43,0.6662,246.32,164.1,92.92,103.9,96.54
2024-07-03,136,147,32673,578,761,149412.0,0.9252,240.24,222.27,0.7595,258.5,196.34,121.82,92.94,113.21
2024-07-04,146,147,47132,656,761,238924.0,0.9932,322.82,320.63,0.862,364.21,313.96,115.22,88.64,102.12
2024-07-05,137,147,53904,703,761,274469.0,0.932,393.46,366.69,0.9238,390.43,360.67,100.89,100.78,101.67
2024-07-06,139,147,53950,716,761,274912.0,0.9456,388.13,367.01,0.9409,383.96,361.25,100.5,101.09,101.59
2024-07-07,128,147,32933,607,761,143648.0,0.8707,257.29,224.03,0.7976,236.65,188.76,109.16,108.72,118.69
2024-07-08,135,147,39041,632,761,169136.0,0.9184,289.19,265.59,0.8305,267.62,222.25,110.58,108.06,119.5
2024-07-09,135,147,40607,673,761,192180.0,0.9184,300.79,276.24,0.8844,285.56,252.54,103.84,105.33,109.38
2024-07-10,138,147,38888,702,761,203383.0,0.9388,281.8,264.54,0.9225,289.72,267.26,101.77,97.27,98.98
2024-07-11,128,147,35901,698,761,202812.0,0.8707,280.48,244.22,0.9172,290.56,266.51,94.93,96.53,91.64
2024-07-12,124,147,50884,654,761,275283.0,0.8435,410.35,346.15,0.8594,420.92,361.74,98.15,97.49,95.69
2024-07-13,121,147,52603,714,761,302523.0,0.8231,434.74,357.84,0.9382,423.7,397.53,87.73,102.61,90.02
2024-07-14,116,147,28047,665,761,178628.0,0.7891,241.78,190.8,0.8739,268.61,234.73,90.3,90.01,81.28
2024-07-15,126,147,33555,685,761,192211.0,0.8571,266.31,228.27,0.9001,280.6,252.58,95.22,94.91,90.38
2024-07-16,146,147,43397,749,761,223902.0,0.9932,297.24,295.22,0.9842,298.93,294.22,100.91,99.43,100.34
2024-07-17,145,147,44158,751,761,224621.0,0.9864,304.54,300.39,0.9869,299.1,295.17,99.95,101.82,101.77
2024-07-18,144,147,43828,739,761,214978.1,0.9796,304.36,298.15,0.9711,290.9,282.49,100.88,104.63,105.54
2024-07-19,131,147,49956,721,761,294738.9,0.8912,381.34,339.84,0.9474,408.79,387.3,94.07,93.29,87.75
2024-07-20,142,147,60667,737,761,307533.0,0.966,427.23,412.7,0.9685,417.28,404.12,99.74,102.38,102.12
2024-07-21,126,147,29551,636,761,154352.0,0.8571,234.53,201.03,0.8357,242.69,202.83,102.56,96.64,99.11
2024-07-22,121,147,29116,701,761,190102.0,0.8231,240.63,198.07,0.9212,271.19,249.81,89.35,88.73,79.29
2024-07-23,116,147,30969,698,761,203794.0,0.7891,266.97,210.67,0.9172,291.97,267.8,86.03,91.44,78.67
2024-07-24,118,147,33145,722,761,215179.0,0.8027,280.89,225.48,0.9488,298.03,282.76,84.6,94.25,79.74
2024-07-25,140,147,42812,733,761,223760.3,0.9524,305.8,291.24,0.9632,305.27,294.03,98.88,100.17,99.05
2024-07-26,137,147,55391,735,761,292315.7,0.932,404.31,376.81,0.9658,397.71,384.12,96.5,101.66,98.1
2024-07-27,142,147,59160,750,761,290881.3,0.966,416.62,402.45,0.9855,387.84,382.24,98.02,107.42,105.29
2024-07-28,101,147,25114,590,761,152958.0,0.6871,248.65,170.84,0.7753,259.25,201.0,88.62,95.91,85.0
2024-07-29,97,147,23752,582,761,155983.0,0.6599,244.87,161.58,0.7648,268.01,204.97,86.28,91.37,78.83
2024-07-30,123,147,30393,666,761,182293.0,0.8367,247.1,206.76,0.8752,273.71,239.54,95.6,90.28,86.32
2024-07-31,123,147,30393,716,761,191774.0,0.8367,247.1,206.76,0.9409,267.84,252.0,88.93,92.26,82.05
2024-08-01,142,147,44457,687,761,193492.0,0.966,313.08,302.43,0.9028,281.65,254.26,107.0,111.16,118.95
2024-08-02,140,147,60146,715,761,291688.0,0.9524,429.61,409.16,0.9396,407.96,383.3,101.36,105.31,106.75
2024-08-03,142,147,55289,747,761,310670.0,0.966,389.36,376.12,0.9816,415.89,408.24,98.41,93.62,92.13
2024-08-04,100,147,23451,635,761,159882.0,0.6803,234.51,159.53,0.8344,251.78,210.09,81.53,93.14,75.93
2024-08-05,102,147,25170,672,761,176637.0,0.6939,246.76,171.22,0.883,262.85,232.11,78.58,93.88,73.77
2024-08-06,112,147,28550,734,761,197748.0,0.7619,254.91,194.22,0.9645,269.41,259.85,78.99,94.62,74.74
2024-08-07,109,147,30511,705,761,196325.0,0.7415,279.92,207.56,0.9264,278.48,257.98,80.04,100.52,80.46
2024-08-08,125,147,36690,710,761,205440.0,0.8503,293.52,249.59,0.933,289.35,269.96,91.14,101.44,92.45
2024-08-09,124,147,51032,690,761,269030.1,0.8435,411.55,347.16,0.9067,389.9,353.52,93.03,105.55,98.2
2024-08-10,138,147,61449,743,761,303224.0,0.9388,445.28,418.02,0.9763,408.11,398.45,96.16,109.11,104.91
2024-08-11,114,147,29144,611,761,154491.0,0.7755,255.65,198.26,0.8029,252.85,203.01,96.59,101.11,97.66
2024-08-12,101,147,25068,572,761,145191.0,0.6871,248.2,170.53,0.7516,253.83,190.79,91.42,97.78,89.38
2024-08-13,79,147,21296,604,761,156899.0,0.5374,269.57,144.87,0.7937,259.77,206.17,67.71,103.77,70.27
2024-08-14,98,147,24736,641,761,166392.0,0.6667,252.41,168.27,0.8423,259.58,218.65,79.15,97.24,76.96
2024-08-15,103,147,26702,683,761,186491.0,0.7007,259.24,181.65,0.8975,273.05,245.06,78.07,94.94,74.12
2024-08-16,117,147,52218,719,761,296962.2,0.7959,446.31,355.22,0.9448,413.02,390.23,84.24,108.06,91.03
2024-08-17,129,147,64038,713,761,306100.0,0.8776,496.42,435.63,0.9369,429.31,402.23,93.67,115.63,108.3
2024-08-18,137,147,34366,646,761,165975.0,0.932,250.85,233.78,0.8489,256.93,218.1,109.79,97.63,107.19
2024-08-19,104,147,23936,651,761,165619.0,0.7075,230.15,162.83,0.8555,254.41,217.63,82.7,90.46,74.82
2024-08-20,89,147,22076,665,761,178145.0,0.6054,248.04,150.18,0.8739,267.89,234.09,69.28,92.59,64.15
2024-08-21,108,147,26894,681,761,183874.0,0.7347,249.02,182.95,0.8949,270.01,241.62,82.1,92.23,75.72
2024-08-22,133,147,36783,719,761,221848.0,0.9048,276.56,250.22,0.9448,308.55,291.52,95.77,89.63,85.83
2024-08-23,139,147,59886,741,761,316351.0,0.9456,430.83,407.39,0.9737,426.92,415.7,97.11,100.92,98.0
2024-08-24,121,147,53366,724,761,328276.0,0.8231,441.04,363.03,0.9514,453.42,431.37,86.51,97.27,84.16
2024-08-25,102,147,24699,686,761,171125.0,0.6939,242.15,168.02,0.9014,249.45,224.87,76.98,97.07,74.72
2024-08-26,107,147,26061,711,761,177127.0,0.7279,243.56,177.29,0.9343,249.12,232.76,77.91,97.77,76.17
2024-08-27,114,147,30287,727,761,195916.0,0.7755,265.68,206.03,0.9553,269.49,257.45,81.18,98.59,80.03
2024-08-28,131,147,34481,730,761,202735.0,0.8912,263.21,234.56,0.9593,277.72,266.41,92.9,94.78,88.04
2024-08-29,132,147,39699,749,761,233949.0,0.898,300.75,270.06,0.9842,312.35,307.42,91.24,96.29,87.85
2024-08-30,127,147,61461,722,761,339823.0,0.8639,483.94,418.1,0.9488,470.67,446.55,91.05,102.82,93.63
2024-08-31,145,147,77630,750,761,387082.0,0.9864,535.38,528.1,0.9855,516.11,508.65,100.09,103.73,103.82
2024-09-01,136,147,49171,734,761,280974.0,0.9252,361.55,334.5,0.9645,382.8,369.22,95.93,94.45,90.6
2024-09-02,93,147,26173,551,761,153023.0,0.6327,281.43,178.05,0.724,277.72,201.08,87.39,101.34,88.55
2024-09-03,99,147,27920,615,761,188014.0,0.6735,282.02,189.93,0.8081,305.71,247.06,83.34,92.25,76.88
2024-09-04,115,147,34076,687,761,223236.0,0.7823,296.31,231.81,0.9028,324.94,293.35,86.65,91.19,79.02
2024-09-05,111,147,36897,719,761,283550.0,0.7551,332.41,251.0,0.9448,394.37,372.6,79.92,84.29,67.36
2024-09-06,105,147,51557,714,761,390977.0,0.7143,491.02,350.73,0.9382,547.59,513.77,76.14,89.67,68.27
2024-09-07,116,147,67472,717,761,400311.0,0.7891,581.66,458.99,0.9422,558.31,526.03,83.75,104.18,87.26
2024-09-08,116,147,35816,646,761,234615.0,0.7891,308.76,243.65,0.8489,363.18,308.3,92.96,85.02,79.03
2024-09-09,131,147,47016,701,761,289902.0,0.8912,358.9,319.84,0.9212,413.55,380.95,96.74,86.79,83.96
2024-09-10,136,147,59605,721,761,322736.0,0.9252,438.27,405.48,0.9474,447.62,424.09,97.66,97.91,95.61
2024-09-11,142,147,65446,733,761,335088.0,0.966,460.89,445.21,0.9632,457.15,440.33,100.29,100.82,101.11
2024-09-12,117,147,47376,687,761,276118.0,0.7959,404.92,322.29,0.9028,401.92,362.84,88.16,100.75,88.82
2024-09-13,123,147,57583,722,761,373901.0,0.8367,468.15,391.72,0.9488,517.87,491.33,88.19,90.4,79.73
2024-09-14,136,147,67181,740,761,404020.0,0.9252,493.98,457.01,0.9724,545.97,530.91,95.15,90.48,86.08
2024-09-15,110,147,37955,534,761,178627.0,0.7483,345.05,258.2,0.7017,334.51,234.73,106.64,103.15,110.0
2024-09-16,134,147,53375,615,761,239267.0,0.9116,398.32,363.1,0.8081,389.05,314.41,112.81,102.38,115.49
2024-09-17,136,147,72553,746,761,397532.0,0.9252,533.48,493.56,0.9803,532.88,522.38,94.38,100.11,94.48
2024-09-18,144,147,77631,756,761,397006.0,0.9796,539.1,528.1,0.9934,525.14,521.69,98.61,102.66,101.23
2024-09-19,127,147,63567,705,761,344446.0,0.8639,500.53,432.43,0.9264,488.58,452.62,93.25,102.45,95.54
2024-09-20,130,147,75940,696,761,381793.0,0.8844,584.15,516.6,0.9146,548.55,501.7,96.7,106.49,102.97
2024-09-21,141,147,84050,746,761,429907.0,0.9592,596.1,571.77,0.9803,576.28,564.92,97.85,103.44,101.21
2024-09-22,138,147,49749,673,761,238367.0,0.9388,360.5,338.43,0.8844,354.19,313.23,106.15,101.78,108.05
2024-09-23,137,147,70015,750,761,373202.0,0.932,511.06,476.29,0.9855,497.6,490.41,94.57,102.7,97.12
2024-09-24,142,147,79606,754,761,401789.0,0.966,560.61,541.54,0.9908,532.88,527.98,97.5,105.2,102.57
2024-09-25,140,147,77468,747,761,392044.0,0.9524,553.34,526.99,0.9816,524.82,515.17,97.03,105.43,102.29
2024-09-26,133,147,61006,744,761,339989.0,0.9048,458.69,415.01,0.9777,456.97,446.77,92.54,100.38,92.89
2024-09-27,131,147,73625,750,761,422429.0,0.8912,562.02,500.85,0.9855,563.24,555.1,90.43,99.78,90.23
2024-09-28,139,147,79123,753,761,424536.0,0.9456,569.23,538.25,0.9895,563.79,557.87,95.56,100.96,96.48
2024-09-29,90,147,24867,578,761,176304.0,0.6122,276.3,169.16,0.7595,305.02,231.67,80.61,90.58,73.02
2024-09-30,87,147,24389,628,761,211496.0,0.5918,280.33,165.91,0.8252,336.78,277.92,71.72,83.24,59.7
2024-10-01,115,147,35182,648,761,229953.0,0.7823,305.93,239.33,0.8515,354.87,302.17,91.87,86.21,79.2
2024-10-02,111,147,37632,666,761,238225.0,0.7551,339.03,256.0,0.8752,357.7,313.04,86.28,94.78,81.78
2024-10-03,106,147,35305,667,761,253336.0,0.7211,333.07,240.17,0.8765,379.81,332.9,82.27,87.69,72.14
2024-10-04,131,147,76092,748,761,418615.0,0.8912,580.85,517.63,0.9829,559.65,550.09,90.67,103.79,94.1
2024-10-05,140,147,82481,734,761,430665.0,0.9524,589.15,561.1,0.9645,586.74,565.92,98.75,100.41,99.15
2024-10-06,123,147,43899,625,761,201103.0,0.8367,356.9,298.63,0.8213,321.76,264.26,101.88,110.92,113.01
2024-10-07,142,147,52970,718,761,276254.0,0.966,373.03,360.34,0.9435,384.75,363.01,102.38,96.95,99.26
2024-10-08,146,147,62844,753,761,328050.0,0.9932,430.44,427.51,0.9895,435.66,431.08,100.37,98.8,99.17
2024-10-09,147,147,63062,757,761,331044.0,1.0,428.99,428.99,0.9947,437.31,435.01,100.53,98.1,98.62
2024-10-10,140,147,58887,695,761,302149.0,0.9524,420.62,400.59,0.9133,434.75,397.04,104.28,96.75,100.89
2024-10-11,141,147,80529,724,761,399170.0,0.9592,571.13,547.82,0.9514,551.34,524.53,100.82,103.59,104.44
2024-10-12,147,147,83110,754,761,421104.0,1.0,565.37,565.37,0.9908,558.49,553.36,100.93,101.23,102.17
2024-10-13,138,147,57272,718,761,264550.0,0.9388,415.01,389.61,0.9435,368.45,347.63,99.5,112.64,112.08
2024-10-14,131,147,55218,658,761,242358.0,0.8912,421.51,375.63,0.8647,368.33,318.47,103.06,114.44,117.95
2024-10-15,147,147,69411,747,761,328237.0,1.0,472.18,472.18,0.9816,439.41,431.32,101.87,107.46,109.47
2024-10-16,146,147,76228,756,761,370309.0,0.9932,522.11,518.56,0.9934,489.83,486.61,99.98,106.59,106.57
2024-10-17,145,147,73938,755,761,370397.0,0.9864,509.92,502.98,0.9921,490.59,486.72,99.43,103.94,103.34
2024-10-18,125,147,71711,728,761,420382.0,0.8503,573.69,487.83,0.9566,577.45,552.41,88.89,99.35,88.31
2024-10-19,122,147,72565,745,761,444551.0,0.8299,594.8,493.64,0.979,596.71,584.17,84.77,99.68,84.5
2024-10-20,124,147,43478,594,761,197099.0,0.8435,350.63,295.77,0.7806,331.82,259.0,108.06,105.67,114.2
2024-10-21,143,147,55865,691,761,268457.2,0.9728,390.66,380.03,0.908,388.51,352.77,107.14,100.55,107.73
2024-10-22,142,147,59781,736,761,314313.0,0.966,420.99,406.67,0.9671,427.06,413.03,99.89,98.58,98.46
2024-10-23,145,147,59450,753,761,336234.0,0.9864,410.0,404.42,0.9895,446.53,441.83,99.69,91.82,91.53
2024-10-24,144,147,60431,739,761,330661.0,0.9796,419.66,411.1,0.9711,447.44,434.51,100.88,93.79,94.61
2024-10-25,136,147,76381,751,761,412730.0,0.9252,561.62,519.6,0.9869,549.57,542.35,93.75,102.19,95.81
2024-10-26,140,147,75055,740,761,416797.0,0.9524,536.11,510.58,0.9724,563.24,547.7,97.94,95.18,93.22
2024-10-27,119,147,39778,628,761,209990.0,0.8095,334.27,270.6,0.8252,334.38,275.94,98.1,99.97,98.06
2024-10-28,141,147,57066,748,761,299487.0,0.9592,404.72,388.2,0.9829,400.38,393.54,97.59,101.08,98.64
2024-10-29,143,147,60440,744,761,311776.0,0.9728,422.66,411.16,0.9777,419.05,409.69,99.5,100.86,100.36
2024-10-30,78,147,26001,600,761,200243.0,0.5306,333.35,176.88,0.7884,333.74,263.13,67.3,99.88,67.22
2024-10-31,103,147,25505,586,761,181042.0,0.7007,247.62,173.5,0.77,308.95,237.9,91.0,80.15,72.93
2024-11-01,130,147,67652,713,761,380997.0,0.8844,520.4,460.22,0.9369,534.36,500.65,94.4,97.39,91.92
2024-11-02,139,147,80972,749,761,433244.0,0.9456,582.53,550.83,0.9842,578.43,569.31,96.08,100.71,96.75
2024-11-03,78,147,24394,568,761,189561.0,0.5306,312.74,165.95,0.7464,333.73,249.09,71.09,93.71,66.62
2024-11-04,67,147,17728,484,761,149179.0,0.4558,264.6,120.6,0.636,308.22,196.03,71.67,85.85,61.52
2024-11-05,100,147,24963,511,761,164149.0,0.6803,249.63,169.82,0.6715,321.23,215.7,101.31,77.71,78.73
2024-11-06,100,147,26788,596,761,196595.0,0.6803,267.88,182.23,0.7832,329.86,258.34,86.86,81.21,70.54
2024-11-07,87,147,25282,631,761,220428.0,0.5918,290.6,171.99,0.8292,349.33,289.66,71.37,83.19,59.38
2024-11-08,131,147,57502,747,761,357084.0,0.8912,438.95,391.17,0.9816,478.02,469.23,90.79,91.83,83.36
2024-11-09,142,147,67944,751,761,374192.0,0.966,478.48,462.2,0.9869,498.26,491.71,97.88,96.03,94.0
2024-11-10,90,147,24360,625,761,187997.0,0.6122,270.67,165.71,0.8213,300.8,247.04,74.54,89.98,67.08
2024-11-11,86,147,24104,660,761,204567.0,0.585,280.28,163.97,0.8673,309.95,268.81,67.45,90.43,61.0
2024-11-12,130,147,41713,734,761,258027.0,0.8844,320.87,283.76,0.9645,351.54,339.06,91.7,91.28,83.69
2024-11-13,143,147,46773,746,761,261117.0,0.9728,327.08,318.18,0.9803,350.02,343.12,99.23,93.45,92.73
2024-11-14,144,147,47853,732,761,249309.0,0.9796,332.31,325.53,0.9619,340.59,327.61,101.84,97.57,99.37
2024-11-15,130,147,58264,711,761,324067.0,0.8844,448.18,396.35,0.9343,455.79,425.84,94.66,98.33,93.07
2024-11-16,139,147,67140,750,761,355073.0,0.9456,483.02,456.73,0.9855,473.43,466.59,95.95,102.03,97.89
2024-11-17,104,147,26968,606,761,176778.0,0.7075,259.31,183.46,0.7963,291.71,232.3,88.85,88.89,78.98
2024-11-18,113,147,35083,699,761,209607.0,0.7687,310.47,238.66,0.9185,299.87,275.44,83.69,103.53,86.65
2024-11-19,126,147,41701,749,761,254969.0,0.8571,330.96,283.68,0.9842,340.41,335.04,87.09,97.22,84.67
2024-11-20,109,147,40590,720,761,242859.0,0.7415,372.39,276.12,0.9461,337.3,319.13,78.37,110.4,86.52
2024-11-21,106,147,31151,704,761,215306.0,0.7211,293.88,211.91,0.9251,305.83,282.93,77.95,96.09,74.9
2024-11-22,124,147,47117,703,761,261685.0,0.8435,379.98,320.52,0.9238,372.24,343.87,91.31,102.08,93.21
2024-11-23,128,147,51823,728,761,279357.0,0.8707,404.87,352.54,0.9566,383.73,367.09,91.02,105.51,96.04
2024-11-24,77,147,16392,555,761,136642.0,0.5238,212.88,111.51,0.7293,246.2,179.56,71.82,86.47,62.1
2024-11-25,68,147,13625,494,761,118771.0,0.4626,200.37,92.69,0.6491,240.43,156.07,71.27,83.34,59.39
2024-11-26,68,147,11749,528,761,140375.0,0.4626,172.78,79.93,0.6938,265.86,184.46,66.68,64.99,43.33
2024-11-27,67,147,15715,623,761,181947.0,0.4558,234.55,106.9,0.8187,292.05,239.09,55.67,80.31,44.71
2024-11-28,72,147,19468,653,761,214225.0,0.4898,270.39,132.44,0.8581,328.06,281.5,57.08,82.42,47.05
2024-11-29,86,147,33677,675,761,267798.0,0.585,391.59,229.1,0.887,396.74,351.9,65.95,98.7,65.1
2024-11-30,66,147,24175,551,761,200453.0,0.449,366.29,164.46,0.724,363.8,263.41,62.02,100.68,62.43
2024-12-01,65,147,15210,489,761,148212.0,0.4422,234.0,103.47,0.6426,303.09,194.76,68.81,77.2,53.13
2024-12-02,78,147,27515,586,761,221598.0,0.5306,352.76,187.18,0.77,378.15,291.19,68.91,93.29,64.28
2024-12-03,125,147,60161,740,761,332361.0,0.8503,481.29,409.26,0.9724,449.14,436.74,87.44,107.16,93.71
2024-12-04,144,147,75993,752,761,359535.0,0.9796,527.73,516.96,0.9882,478.11,472.45,99.13,110.38,109.42
2024-12-05,144,147,70260,752,761,361485.0,0.9796,487.92,477.96,0.9882,480.7,475.01,99.13,101.5,100.62
2024-12-06,137,147,83634,741,761,433133.0,0.932,610.47,568.94,0.9737,584.52,569.16,95.72,104.44,99.96
2024-12-07,144,147,89364,749,761,451333.0,0.9796,620.58,607.92,0.9842,602.58,593.08,99.53,102.99,102.5
2024-12-08,108,147,32465,662,761,219858.0,0.7347,300.6,220.85,0.8699,332.11,288.91,84.46,90.51,76.44
2024-12-09,122,147,49672,672,761,278806.0,0.8299,407.15,337.9,0.883,414.89,366.37,93.99,98.13,92.23
2024-12-10,146,147,72139,751,761,337280.0,0.9932,494.1,490.74,0.9869,449.11,443.21,100.64,110.02,110.72
2024-12-11,145,147,69401,637,761,281700.0,0.9864,478.63,472.12,0.8371,442.23,370.17,117.84,108.23,127.54
2024-12-12,145,147,60189,648,761,277266.0,0.9864,415.1,409.45,0.8515,427.88,364.34,115.84,97.01,112.38
2024-12-13,118,147,52014,614,761,301899.0,0.8027,440.8,353.84,0.8068,491.69,396.71,99.49,89.65,89.19
2024-12-14,140,147,68028,635,761,327341.0,0.9524,485.91,462.78,0.8344,515.5,430.15,114.14,94.26,107.59
2024-12-15,119,147,31510,577,761,156544.0,0.8095,264.79,214.35,0.7582,271.31,205.71,106.77,97.6,104.2
2024-12-16,103,147,22549,563,761,151505.0,0.7007,218.92,153.39,0.7398,269.1,199.09,94.71,81.35,77.05
2024-12-17,86,147,16882,559,761,147627.0,0.585,196.3,114.84,0.7346,264.09,193.99,79.64,74.33,59.2
2024-12-18,82,147,15452,531,761,144048.0,0.5578,188.44,105.12,0.6978,271.28,189.29,79.94,69.46,55.53
2024-12-19,89,147,15534,570,761,159203.0,0.6054,174.54,105.67,0.749,279.3,209.2,80.83,62.49,50.51
2024-12-20,77,147,24341,576,761,190441.0,0.5238,316.12,165.59,0.7569,330.63,250.25,69.2,95.61,66.17
2024-12-21,120,147,40691,675,761,239669.0,0.8163,339.09,276.81,0.887,355.07,314.94,92.03,95.5,87.89
2024-12-22,110,147,23910,566,761,144943.0,0.7483,217.36,162.65,0.7438,256.08,190.46,100.61,84.88,85.4
2024-12-23,69,147,15817,537,761,140146.0,0.4694,229.23,107.6,0.7057,260.98,184.16,66.52,87.83,58.43
2024-12-24,81,147,19186,549,761,144926.0,0.551,236.86,130.52,0.7214,263.98,190.44,76.38,89.73,68.54
2024-12-25,66,147,16092,543,761,149502.0,0.449,243.82,109.47,0.7135,275.33,196.45,62.93,88.56,55.72
2024-12-26,74,147,19950,615,761,186101.0,0.5034,269.59,135.71,0.8081,302.6,244.55,62.29,89.09,55.49
2024-12-27,74,147,26766,679,761,279945.0,0.5034,361.7,182.08,0.8922,412.29,367.86,56.42,87.73,49.5
2024-12-28,104,147,39791,694,761,289454.0,0.7075,382.61,270.69,0.912,417.08,380.36,77.58,91.74,71.17
2024-12-29,112,147,32569,621,761,214232.9,0.7619,290.79,221.56,0.816,344.98,281.51,93.37,84.29,78.7
2024-12-30,126,147,40666,589,761,215362.0,0.8571,322.75,276.64,0.774,365.64,283.0,110.74,88.27,97.75
2024-12-31,142,147,66716,671,761,330641.0,0.966,469.83,453.85,0.8817,492.76,434.48,109.56,95.35,104.46
2025-01-01,101,147,22346,590,761,131020.0,0.6871,221.25,152.01,0.7753,222.07,172.17,88.62,99.63,88.29
2025-01-02,102,147,17315,543,761,111804.0,0.6939,169.75,117.79,0.7135,205.9,146.92,97.25,82.44,80.17
2025-01-03,115,147,22782,566,761,128999.0,0.7823,198.1,154.98,0.7438,227.91,169.51,105.18,86.92,91.43
2025-01-04,114,147,20959,523,761,112062.0,0.7755,183.85,142.58,0.6873,214.27,147.26,112.83,85.8,96.82
2025-01-05,71,147,10094,335,761,61063.0,0.483,142.17,68.67,0.4402,182.28,80.24,109.72,78.0,85.58
2025-01-06,72,147,10735,350,761,65213.2,0.4898,149.1,73.03,0.4599,186.32,85.69,106.5,80.02,85.23
2025-01-07,66,147,11344,440,761,85808.6,0.449,171.88,77.17,0.5782,195.02,112.76,77.65,88.13,68.44
2025-01-08,71,147,9672,479,761,88756.3,0.483,136.23,65.8,0.6294,185.29,116.63,76.74,73.52,56.42
2025-01-09,75,147,12653,479,761,95581.2,0.5102,168.71,86.07,0.6294,199.54,125.6,81.06,84.55,68.53
2025-01-10,89,147,20294,617,761,157259.9,0.6054,228.02,138.05,0.8108,254.88,206.65,74.67,89.46,66.8
2025-01-11,110,147,26359,685,761,179638.6,0.7483,239.63,179.31,0.9001,262.25,236.06,83.14,91.37,75.96
2025-01-12,96,147,14210,465,761,92919.3,0.6531,148.02,96.67,0.611,199.83,122.1,106.89,74.07,79.17
2025-01-13,112,147,18755,495,761,108404.8,0.7619,167.46,127.59,0.6505,219.0,142.45,117.13,76.47,89.57
2025-01-14,116,147,20320,501,761,111804.4,0.7891,175.17,138.23,0.6583,223.16,146.92,119.87,78.5,94.09
2025-01-15,118,147,21035,513,761,111461.8,0.8027,178.26,143.1,0.6741,217.27,146.47,119.08,82.05,97.7
2025-01-16,111,147,18586,513,761,110080.3,0.7551,167.44,126.44,0.6741,214.58,144.65,112.02,78.03,87.41
2025-01-17,102,147,30894,686,761,177403.2,0.6939,302.88,210.16,0.9014,258.61,233.12,76.98,117.12,90.15
2025-01-18,141,147,50582,743,761,207369.4,0.9592,358.74,344.1,0.9763,279.1,272.5,98.25,128.53,126.28
2025-01-19,130,147,22674,654,761,144689.5,0.8844,174.42,154.24,0.8594,221.24,190.13,102.91,78.84,81.12
2025-01-20,102,147,16088,396,761,82010.3,0.6939,157.73,109.44,0.5204,207.1,107.77,133.34,76.16,101.55
2025-01-21,93,147,23374,535,761,125758.9,0.6327,251.33,159.01,0.703,235.06,165.25,90.0,106.92,96.22
2025-01-22,112,147,19080,578,761,131846.9,0.7619,170.36,129.8,0.7595,228.11,173.25,100.32,74.68,74.92
2025-01-23,117,147,19486,642,761,151296.7,0.7959,166.55,132.56,0.8436,235.66,198.81,94.35,70.67,66.68
2025-01-24,113,147,32600,689,761,186137.5,0.7687,288.5,221.77,0.9054,270.16,244.6,84.9,106.79,90.67
2025-01-25,135,147,38339,719,761,195738.1,0.9184,283.99,260.81,0.9448,272.24,257.21,97.21,104.32,101.4
2025-01-26,99,147,14618,424,761,88847.0,0.6735,147.66,99.44,0.5572,209.54,116.75,120.87,70.47,85.17
2025-01-27,111,147,17414,484,761,105170.6,0.7551,156.88,118.46,0.636,217.29,138.2,118.73,72.2,85.72
2025-01-28,134,147,22366,542,761,117991.8,0.9116,166.91,152.15,0.7122,217.7,155.05,128.0,76.67,98.13
2025-01-29,121,147,20288,546,761,121082.8,0.8231,167.67,138.01,0.7175,221.76,159.11,114.72,75.61,86.74
2025-01-30,99,147,16018,621,761,132264.3,0.6735,161.8,108.97,0.816,212.99,173.8,82.54,75.97,62.7
2025-01-31,111,147,25024,602,761,158987.2,0.7551,225.44,170.23,0.7911,264.1,208.92,95.45,85.36,81.48
2025-02-01,140,147,35868,733,761,199411.5,0.9524,256.2,244.0,0.9632,272.05,262.04,98.88,94.17,93.12
2025-02-02,90,147,13061,419,761,81352.7,0.6122,145.12,88.85,0.5506,194.16,106.9,111.19,74.74,83.12
2025-02-03,119,147,18492,483,761,105262.3,0.8095,155.39,125.8,0.6347,217.93,138.32,127.54,71.3,90.95
2025-02-04,126,147,24013,545,761,123806.8,0.8571,190.58,163.35,0.7162,227.17,162.69,119.67,83.89,100.41
2025-02-05,121,147,22159,568,761,120647.2,0.8231,183.13,150.74,0.7464,212.41,158.54,110.28,86.22,95.08
2025-02-06,116,147,19167,549,761,118902.0,0.7891,165.23,130.39,0.7214,216.58,156.24,109.38,76.29,83.45
2025-02-07,116,147,29407,637,761,172247.0,0.7891,253.51,200.05,0.8371,270.4,226.34,94.27,93.75,88.38
2025-02-08,125,147,34959,670,761,186130.7,0.8503,279.67,237.82,0.8804,277.81,244.59,96.58,100.67,97.23
2025-02-09,128,147,20771,510,761,101544.5,0.8707,162.27,141.3,0.6702,199.11,133.44,129.92,81.5,105.89
2025-02-10,113,147,20007,587,761,130208.6,0.7687,177.05,136.1,0.7714,221.82,171.1,99.65,79.82,79.54
2025-02-11,120,147,21991,601,761,132695.4,0.8163,183.26,149.6,0.7898,220.79,174.37,103.36,83.0,85.79
2025-02-12,85,147,16084,503,761,111237.0,0.5782,189.22,109.41,0.661,221.15,146.17,87.47,85.56,74.85
2025-02-13,107,147,20702,563,761,132780.8,0.7279,193.48,140.83,0.7398,235.85,174.48,98.39,82.04,80.71
2025-02-14,134,147,49015,731,761,247960.9,0.9116,365.78,333.44,0.9606,339.21,325.84,94.9,107.83,102.33
2025-02-15,132,147,51025,749,761,267231.6,0.898,386.55,347.11,0.9842,356.78,351.16,91.24,108.34,98.85
2025-02-16,112,147,21816,633,761,136376.7,0.7619,194.79,148.41,0.8318,215.45,179.21,91.6,90.41,82.81
2025-02-17,89,147,13724,424,761,84924.0,0.6054,154.2,93.36,0.5572,200.29,111.6,108.65,76.99,83.66
2025-02-18,109,147,19894,541,761,115571.5,0.7415,182.51,135.33,0.7109,213.63,151.87,104.3,85.43,89.11
2025-02-19,138,147,25241,599,761,129012.3,0.9388,182.91,171.71,0.7871,215.38,169.53,119.27,84.92,101.29
2025-02-20,139,147,26578,685,761,149671.1,0.9456,191.21,180.8,0.9001,218.5,196.68,105.05,87.51,91.93
2025-02-21,124,147,33059,739,761,213130.2,0.8435,266.6,224.89,0.9711,288.4,280.07,86.86,92.44,80.3
2025-02-22,113,147,30881,717,761,206222.9,0.7687,273.28,210.07,0.9422,287.62,270.99,81.59,95.01,77.52
2025-02-23,94,147,16761,488,761,96735.8,0.6395,178.31,114.02,0.6413,198.23,127.12,99.72,89.95,89.69
2025-02-24,143,147,29364,519,761,110034.0,0.9728,205.34,199.76,0.682,212.01,144.59,142.64,96.85,138.16
2025-02-25,143,147,33583,635,761,136437.9,0.9728,234.85,228.46,0.8344,214.86,179.29,116.59,109.3,127.42
2025-02-26,143,147,34174,665,761,148237.3,0.9728,238.98,232.48,0.8739,222.91,194.79,111.32,107.21,119.35
2025-02-27,92,147,17149,644,761,136558.0,0.6259,186.4,116.66,0.8463,212.05,179.45,73.96,87.9,65.01
2025-02-28,124,147,32298,710,761,198700.6,0.8435,260.47,219.71,0.933,279.86,261.1,90.41,93.07,84.15
2025-03-01,122,147,43013,744,761,245895.6,0.8299,352.57,292.61,0.9777,330.5,323.12,84.88,106.68,90.56
2025-03-02,113,147,20106,591,761,123199.0,0.7687,177.93,136.78,0.7766,208.46,161.89,98.98,85.35,84.49
2025-03-03,132,147,29411,649,761,153393.2,0.898,222.81,200.07,0.8528,236.35,201.57,105.3,94.27,99.26
2025-03-04,139,147,29114,694,761,164280.0,0.9456,209.45,198.05,0.912,236.71,215.87,103.68,88.48,91.75
2025-03-05,85,147,17806,655,761,150360.09999999998,0.5782,209.48,121.13,0.8607,229.56,197.58,67.18,91.25,61.31
2025-03-06,86,147,17698,635,761,150031.5,0.585,205.79,120.39,0.8344,236.27,197.15,70.11,87.1,61.07
2025-03-07,101,147,24028,676,761,185138.5,0.6871,237.9,163.46,0.8883,273.87,243.28,77.35,86.87,67.19
2025-03-08,112,147,31098,747,761,222927.2,0.7619,277.66,211.55,0.9816,298.43,292.94,77.62,93.04,72.22
2025-03-09,93,147,16055,581,761,113510.9,0.6327,172.63,109.22,0.7635,195.37,149.16,82.87,88.36,73.22
2025-03-10,80,147,15956,612,761,132450.1,0.5442,199.45,108.54,0.8042,216.42,174.05,67.67,92.16,62.36
2025-03-11,103,147,22015,666,761,153077.09999999998,0.7007,213.74,149.76,0.8752,229.85,201.15,80.06,92.99,74.45
2025-03-12,91,147,19593,682,761,159977.9,0.619,215.31,133.29,0.8962,234.57,210.22,69.07,91.79,63.41
2025-03-13,90,147,21890,674,761,187784.0,0.6122,243.22,148.91,0.8857,278.61,246.76,69.12,87.3,60.35
2025-03-14,110,147,41354,749,761,265808.1,0.7483,375.95,281.32,0.9842,354.88,349.29,76.03,105.94,80.54
2025-03-15,113,147,44351,751,761,274836.4,0.7687,392.49,301.71,0.9869,365.96,361.15,77.89,107.25,83.54
2025-03-16,87,147,15339,569,761,124153.9,0.5918,176.31,104.35,0.7477,218.2,163.15,79.15,80.8,63.96
2025-03-17,77,147,19197,591,761,133614.1,0.5238,249.31,130.59,0.7766,226.08,175.58,67.45,110.28,74.38
2025-03-18,120,147,26475,704,761,176472.5,0.8163,220.62,180.1,0.9251,250.67,231.9,88.24,88.01,77.66
2025-03-19,130,147,29431,711,761,181845.8,0.8844,226.39,200.21,0.9343,255.76,238.96,94.66,88.52,83.78
2025-03-20,137,147,31860,712,761,195003.9,0.932,232.55,216.73,0.9356,273.88,256.25,99.62,84.91,84.58
2025-03-21,121,147,47027,745,761,278308.0,0.8231,388.65,319.91,0.979,373.57,365.71,84.08,104.04,87.48
2025-03-22,129,147,52762,740,761,281120.30000000005,0.8776,409.01,358.93,0.9724,379.89,369.41,90.25,107.67,97.16
2025-03-23,124,147,23404,579,761,123367.9,0.8435,188.74,159.21,0.7608,213.07,162.11,110.87,88.58,98.21
2025-03-24,100,147,24959,600,761,151273.1,0.6803,249.59,169.79,0.7884,252.12,198.78,86.29,99.0,85.42
2025-03-25,106,147,28389,686,761,184353.3,0.7211,267.82,193.12,0.9014,268.74,242.25,80.0,99.66,79.72
2025-03-26,108,147,26748,652,761,169542.40000000002,0.7347,247.67,181.96,0.8568,260.03,222.79,85.75,95.25,81.67
2025-03-27,109,147,28287,655,761,180982.2,0.7415,259.51,192.43,0.8607,276.31,237.82,86.15,93.92,80.91
2025-03-28,113,147,42805,717,761,268870.5,0.7687,378.81,291.19,0.9422,374.99,353.31,81.59,101.02,82.42
2025-03-29,121,147,46282,723,761,277369.6,0.8231,382.5,314.84,0.9501,383.64,364.48,86.63,99.7,86.38
2025-03-30,128,147,25581,588,761,121933.7,0.8707,199.85,174.02,0.7727,207.37,160.23,112.68,96.37,108.61
2025-03-31,98,147,18425,573,761,137396.7,0.6667,188.01,125.34,0.753,239.78,180.55,88.54,78.41,69.42
2025-04-01,97,147,27460,604,761,176994.0,0.6599,283.09,186.8,0.7937,293.04,232.58,83.14,96.6,80.32
2025-04-02,98,147,27762,669,761,207010.3,0.6667,283.29,188.86,0.8791,309.43,272.02,75.84,91.55,69.43
2025-04-03,99,147,27944,642,761,199153.5,0.6735,282.26,190.1,0.8436,310.21,261.7,79.84,90.99,72.64
2025-04-04,96,147,39869,640,761,267638.8,0.6531,415.3,271.22,0.841,418.19,351.69,77.66,99.31,77.12
2025-04-05,106,147,45073,691,761,292659.8,0.7211,425.22,306.62,0.908,423.53,384.57,79.42,100.4,79.73
2025-04-06,94,147,25305,542,761,131373.3,0.6395,269.2,172.14,0.7122,242.39,172.63,89.79,111.06,99.72
2025-04-07,101,147,25609,553,761,144749.9,0.6871,253.55,174.21,0.7267,261.75,190.21,94.55,96.87,91.59
2025-04-08,110,147,27894,603,761,160580.3,0.7483,253.58,189.76,0.7924,266.3,211.01,94.43,95.22,89.93
2025-04-09,114,147,31110,600,761,156367.5,0.7755,272.89,211.63,0.7884,260.61,205.48,98.36,104.71,102.99
2025-04-10,141,147,41158,669,761,195893.9,0.9592,291.9,279.99,0.8791,292.82,257.42,109.11,99.69,108.77
2025-04-11,136,147,55352,686,761,286821.0,0.9252,407.0,376.54,0.9014,418.11,376.9,102.64,97.34,99.9
2025-04-12,120,147,51110,687,761,279126.1,0.8163,425.92,347.69,0.9028,406.3,366.79,90.42,104.83,94.79
2025-04-13,115,147,24020,614,761,140603.5,0.7823,208.87,163.4,0.8068,229.0,184.76,96.96,91.21,88.44
2025-04-14,110,147,23630,611,761,164950.4,0.7483,214.82,160.75,0.8029,269.97,216.75,93.2,79.57,74.16
2025-04-15,121,147,29313,693,761,201022.9,0.8231,242.26,199.41,0.9106,290.08,264.16,90.39,83.51,75.49
2025-04-16,134,147,38516,695,761,213072.5,0.9116,287.43,262.01,0.9133,306.58,279.99,99.81,93.75,93.58
2025-04-17,132,147,39146,707,761,215980.2,0.898,296.56,266.3,0.929,305.49,283.81,96.66,97.08,93.83
2025-04-18,121,147,49457,695,761,297405.6,0.8231,408.74,336.44,0.9133,427.92,390.81,90.12,95.52,86.09
2025-04-19,121,147,51131,701,761,298695.5,0.8231,422.57,347.83,0.9212,426.1,392.5,89.35,99.17,88.62
2025-04-20,92,147,21665,626,761,152135.6,0.6259,235.49,147.38,0.8226,243.03,199.92,76.09,96.9,73.72
2025-04-21,96,147,21953,593,761,150397.6,0.6531,228.68,149.34,0.7792,253.62,197.63,83.82,90.17,75.57
2025-04-22,106,147,28533,715,761,192870.9,0.7211,269.18,194.1,0.9396,269.75,253.44,76.75,99.79,76.59
2025-04-23,140,147,37407,725,761,204018.1,0.9524,267.19,254.47,0.9527,281.4,268.09,99.97,94.95,94.92
2025-04-24,143,147,39020,723,761,218082.7,0.9728,272.87,265.44,0.9501,301.64,286.57,102.39,90.46,92.63
2025-04-25,124,147,61316,682,761,341745.3,0.8435,494.48,417.12,0.8962,501.09,449.07,94.12,98.68,92.89
2025-04-26,142,147,80865,750,761,419857.4,0.966,569.47,550.1,0.9855,559.81,551.72,98.02,101.73,99.71
2025-04-27,138,147,38245,651,761,177957.1,0.9388,277.14,260.17,0.8555,273.36,233.85,109.74,101.38,111.26
2025-04-28,118,147,31831,672,761,189997.9,0.8027,269.75,216.54,0.883,282.73,249.67,90.91,95.41,86.73
2025-04-29,140,147,42071,723,761,224017.3,0.9524,300.51,286.2,0.9501,309.84,294.37,100.24,96.99,97.22
2025-04-30,138,147,42981,734,761,231883.3,0.9388,311.46,292.39,0.9645,315.92,304.71,97.34,98.59,95.96
2025-05-01,143,147,50254,733,761,264338.3,0.9728,351.43,341.86,0.9632,360.63,347.36,101.0,97.45,98.42
2025-05-02,129,147,61810,694,761,342710.7,0.8776,479.15,420.48,0.912,493.82,450.34,96.23,97.03,93.37
2025-05-03,140,147,73446,724,761,374733.9,0.9524,524.61,499.63,0.9514,517.59,492.42,100.11,101.36,101.46
2025-05-04,140,147,36648,664,761,189667.6,0.9524,261.77,249.31,0.8725,285.64,249.23,109.16,91.64,100.03
2025-05-05,143,147,51064,720,761,253670.4,0.9728,357.09,347.37,0.9461,352.32,333.34,102.82,101.35,104.21
2025-05-06,145,147,50622,744,761,295733.8,0.9864,349.12,344.37,0.9777,397.49,388.61,100.89,87.83,88.62
2025-05-07,145,147,50622,744,761,276583.3,0.9864,349.12,344.37,0.9777,371.75,363.45,100.89,93.91,94.75
2025-05-08,145,147,48677,713,761,264100.7,0.9864,335.7,331.14,0.9369,370.41,347.04,105.28,90.63,95.42
2025-05-09,135,147,59913,682,761,338161.6,0.9184,443.8,407.57,0.8962,495.84,444.36,102.48,89.5,91.72
2025-05-10,134,147,62865,716,761,361472.4,0.9116,469.14,427.65,0.9409,504.85,475.0,96.89,92.93,90.03
2025-05-11,126,147,26831,529,761,136472.59999999998,0.8571,212.94,182.52,0.6951,257.98,179.33,123.31,82.54,101.78
2025-05-12,137,147,43275,635,761,231694.0,0.932,315.88,294.39,0.8344,364.87,304.46,111.7,86.57,96.69
2025-05-13,139,147,63080,741,761,341823.7,0.9456,453.81,429.12,0.9737,461.3,449.18,97.11,98.38,95.53
2025-05-14,143,147,66406,732,761,340850.3,0.9728,464.38,451.74,0.9619,465.64,447.9,101.13,99.73,100.86
2025-05-15,127,147,55886,722,761,329039.9,0.8639,440.05,380.18,0.9488,455.73,432.38,91.05,96.56,87.93
2025-05-16,135,147,79053,738,761,420057.3,0.9184,585.58,537.78,0.9698,569.18,551.98,94.7,102.88,97.43
2025-05-17,145,147,94854,739,761,438086.9,0.9864,654.17,645.27,0.9711,592.81,575.67,101.58,110.35,112.09
2025-05-18,142,147,36450,677,761,205282.5,0.966,256.69,247.96,0.8896,303.22,269.75,108.59,84.65,91.92
2025-05-19,145,147,49985,722,761,263442.6,0.9864,344.72,340.03,0.9488,364.88,346.18,103.96,94.47,98.22
2025-05-20,145,147,53212,728,761,288036.2,0.9864,366.98,361.99,0.9566,395.65,378.5,103.12,92.75,95.64
2025-05-21,142,147,50389,715,761,272874.1,0.966,354.85,342.78,0.9396,381.64,358.57,102.81,92.98,95.6
2025-05-22,125,147,40429,672,761,237646.4,0.8503,323.43,275.03,0.883,353.64,312.28,96.3,91.46,88.07
2025-05-23,130,147,57866,677,761,297102.0,0.8844,445.12,393.65,0.8896,438.85,390.41,99.42,101.43,100.83
2025-05-24,141,147,69050,723,761,355583.6,0.9592,489.72,469.73,0.9501,491.82,467.26,100.96,99.57,100.53
2025-05-25,145,147,42694,717,761,244046.3,0.9864,294.44,290.44,0.9422,340.37,320.69,104.69,86.51,90.57
2025-05-26,116,147,24439,553,761,134601.59999999998,0.7891,210.68,166.25,0.7267,243.4,176.87,108.59,86.56,94.0
2025-05-27,104,147,23518,627,761,165698.5,0.7075,226.13,159.99,0.8239,264.27,217.74,85.87,85.57,73.48
2025-05-28,121,147,31121,685,761,193501.6,0.8231,257.2,211.71,0.9001,282.48,254.27,91.45,91.05,83.26
2025-05-29,129,147,36830,690,761,226984.6,0.8776,285.5,250.54,0.9067,328.96,298.27,96.79,86.79,84.0
2025-05-30,121,147,53281,666,761,323483.2,0.8231,440.34,362.46,0.8752,485.71,425.08,94.05,90.66,85.27
2025-05-31,141,147,67033,731,761,366788.6,0.9592,475.41,456.01,0.9606,501.76,481.98,99.85,94.75,94.61
2025-06-01,138,147,34690,609,761,168567.6,0.9388,251.38,235.99,0.8003,276.79,221.51,117.31,90.82,106.54
2025-06-02,130,147,33783,661,761,195901.1,0.8844,259.87,229.82,0.8686,296.37,257.43,101.82,87.68,89.27
2025-06-03,147,147,47542,754,761,282031.0,1.0,323.41,323.41,0.9908,374.05,370.61,100.93,86.46,87.26
2025-06-04,147,147,47542,752,761,293920.2,1.0,323.41,323.41,0.9882,390.85,386.23,101.19,82.75,83.74
2025-06-05,140,147,46719,737,761,269174.4,0.9524,333.71,317.82,0.9685,365.23,353.71,98.34,91.37,89.85
2025-06-06,145,147,78810,725,761,383330.8,0.9864,543.52,536.12,0.9527,528.73,503.72,103.54,102.8,106.43
2025-06-07,145,147,79607,750,761,410304.3,0.9864,549.01,541.54,0.9855,547.07,539.16,100.09,100.35,100.44
2025-06-08,139,147,40736,665,761,212704.9,0.9456,293.06,277.12,0.8739,319.86,279.51,108.2,91.62,99.14
2025-06-09,146,147,43160,745,761,262383.2,0.9932,295.62,293.61,0.979,352.19,344.79,101.45,83.94,85.16
2025-06-10,146,147,43160,756,761,294079.80000000005,0.9932,295.62,293.61,0.9934,388.99,386.44,99.98,76.0,75.98
2025-06-11,147,147,47219,751,761,294761.8,1.0,321.22,321.22,0.9869,392.49,387.33,101.33,81.84,82.93
2025-06-12,147,147,46848,731,761,285360.80000000005,1.0,318.69,318.69,0.9606,390.37,374.98,104.1,81.64,84.99
2025-06-13,124,147,58301,683,761,346961.7,0.8435,470.17,396.61,0.8975,508.0,455.93,93.98,92.55,86.99
2025-06-14,135,147,66092,694,761,363642.2,0.9184,489.57,449.61,0.912,523.98,477.85,100.7,93.43,94.09
2025-06-15,119,147,25478,607,761,149609.9,0.8095,214.1,173.32,0.7976,246.47,196.6,101.49,86.87,88.16
2025-06-16,123,147,29879,646,761,174601.0,0.8367,242.92,203.26,0.8489,270.28,229.44,98.56,89.88,88.59
2025-06-17,133,147,33528,694,761,202132.4,0.9048,252.09,228.08,0.912,291.26,265.61,99.21,86.55,85.87
2025-06-18,133,147,36498,679,761,199176.3,0.9048,274.42,248.29,0.8922,293.34,261.73,101.41,93.55,94.86
2025-06-19,140,147,44624,742,761,240595.8,0.9524,318.74,303.56,0.975,324.25,316.16,97.68,98.3,96.01
2025-06-20,140,147,77178,698,761,354973.2,0.9524,551.27,525.02,0.9172,508.56,466.46,103.84,108.4,112.55
2025-06-21,141,147,80748,711,761,365387.8,0.9592,572.68,549.31,0.9343,513.91,480.14,102.67,111.44,114.41
2025-06-22,143,147,34035,691,761,177359.2,0.9728,238.01,231.53,0.908,256.67,233.06,107.14,92.73,99.34
2025-06-23,131,147,38496,704,761,216513.8,0.8912,293.86,261.88,0.9251,307.55,284.51,96.34,95.55,92.05
2025-06-24,145,147,48631,743,761,247921.0,0.9864,335.39,330.82,0.9763,333.68,325.78,101.03,100.51,101.55
2025-06-25,145,147,44882,745,761,250175.1,0.9864,309.53,305.32,0.979,335.81,328.75,100.76,92.17,92.87
2025-06-26,144,147,44237,746,761,235767.6,0.9796,307.2,300.93,0.9803,316.04,309.81,99.93,97.2,97.13
2025-06-27,138,147,67354,715,761,318608.5,0.9388,488.07,458.19,0.9396,445.61,418.67,99.91,109.53,109.44
2025-06-28,143,147,69068,724,761,348163.1,0.9728,482.99,469.85,0.9514,480.89,457.51,102.25,100.44,102.7
2025-06-29,118,147,29537,687,761,171192.2,0.8027,250.31,200.93,0.9028,249.19,224.96,88.91,100.45,89.32
2025-06-30,90,147,20472,588,761,137034.0,0.6122,227.47,139.27,0.7727,233.05,180.07,79.23,97.61,77.34
2025-07-01,80,147,20143,548,761,126281.9,0.5442,251.79,137.03,0.7201,230.44,165.94,75.57,109.26,82.58
2025-07-02,80,147,19820,518,761,114961.4,0.5442,247.75,134.83,0.6807,221.93,151.07,79.95,111.63,89.25
2025-07-03,118,147,32705,611,761,181614.6,0.8027,277.16,222.48,0.8029,297.24,238.65,99.98,93.24,93.22
2025-07-04,138,147,60207,697,761,321871.4,0.9388,436.28,409.57,0.9159,461.8,422.96,102.5,94.47,96.83
2025-07-05,111,147,48412,596,761,240029.6,0.7551,436.14,329.33,0.7832,402.73,315.41,96.41,108.3,104.41
2025-07-06,109,147,22710,541,761,134797.0,0.7415,208.35,154.49,0.7109,249.16,177.13,104.3,83.62,87.22
2025-07-07,104,147,27811,613,761,169246.2,0.7075,267.41,189.19,0.8055,276.09,222.4,87.83,96.86,85.07
2025-07-08,115,147,33990,678,761,200446.2,0.7823,295.57,231.22,0.8909,295.64,263.4,87.81,99.98,87.78
2025-07-09,112,147,32894,718,761,209708.8,0.7619,293.7,223.77,0.9435,292.07,275.57,80.75,100.56,81.2
2025-07-10,116,147,33922,727,761,217411.9,0.7891,292.43,230.76,0.9553,299.05,285.69,82.6,97.79,80.77
2025-07-11,141,147,52677,715,761,283929.1,0.9592,373.6,358.35,0.9396,397.1,373.1,102.09,94.08,96.05
2025-07-12,144,147,56863,735,761,301519.1,0.9796,394.88,386.82,0.9658,410.23,396.21,101.43,96.26,97.63
2025-07-13,136,147,31479,706,761,181751.9,0.9252,231.46,214.14,0.9277,257.44,238.83,99.73,89.91,89.66
2025-07-14,132,147,33952,736,761,208513.7,0.898,257.21,230.97,0.9671,283.31,274.0,92.85,90.79,84.3
2025-07-15,143,147,39980,754,761,228160.6,0.9728,279.58,271.97,0.9908,302.6,299.82,98.18,92.39,90.71
2025-07-16,140,147,38763,749,761,222194.1,0.9524,276.88,263.69,0.9842,296.65,291.98,96.77,93.34,90.31
2025-07-17,130,147,35782,709,761,190841.0,0.8844,275.25,243.41,0.9317,269.17,250.78,94.92,102.26,97.06
2025-07-18,138,147,55353,717,761,276173.69999999995,0.9388,401.11,376.55,0.9422,385.18,362.91,99.64,104.14,103.76
2025-07-19,143,147,65799,747,761,308234.0,0.9728,460.13,447.61,0.9816,412.63,405.04,99.1,111.51,110.51
2025-07-20,126,147,30639,635,761,151015.2,0.8571,243.17,208.43,0.8344,237.82,198.44,102.72,102.25,105.03
2025-07-21,115,147,29048,689,761,181668.6,0.7823,252.59,197.61,0.9054,263.67,238.72,86.4,95.8,82.78
2025-07-22,138,147,41727,742,761,230899.1,0.9388,302.37,283.86,0.975,311.18,303.42,96.29,97.17,93.55
2025-07-23,117,147,37356,735,761,230298.2,0.7959,319.28,254.12,0.9658,313.33,302.63,82.41,101.9,83.97
2025-07-24,119,147,28824,696,761,199617.2,0.8095,242.22,196.08,0.9146,286.81,262.31,88.51,84.45,74.75
2025-07-25,139,147,52784,722,761,294044.7,0.9456,379.74,359.07,0.9488,407.26,386.39,99.66,93.24,92.93
2025-07-26,140,147,58671,750,761,325855.3,0.9524,419.08,399.12,0.9855,434.47,428.19,96.64,96.46,93.21
2025-07-27,137,147,30454,708,761,176564.2,0.932,222.29,207.17,0.9304,249.38,232.02,100.17,89.14,89.29
2025-07-28,134,147,30610,717,761,178171.4,0.9116,228.43,208.23,0.9422,248.5,234.13,96.75,91.92,88.94
2025-07-29,125,147,31868,725,761,197070.8,0.8503,254.94,216.79,0.9527,271.82,258.96,89.25,93.79,83.72
2025-07-30,132,147,33868,738,761,196766.5,0.898,256.58,230.39,0.9698,266.62,258.56,92.6,96.23,89.11
2025-07-31,121,147,34879,728,761,199864.6,0.8231,288.26,237.27,0.9566,274.54,262.63,86.04,105.0,90.34
2025-08-01,128,147,45463,736,761,278571.8,0.8707,355.18,309.27,0.9671,378.49,366.06,90.03,93.84,84.49
2025-08-02,132,147,53323,719,761,276667.5,0.898,403.96,362.74,0.9448,384.79,363.56,95.05,104.98,99.77
2025-08-03,131,147,29752,623,761,147790.2,0.8912,227.11,202.39,0.8187,237.22,194.21,108.86,95.74,104.21
2025-08-04,120,147,27766,699,761,178021.3,0.8163,231.38,188.88,0.9185,254.68,233.93,88.87,90.85,80.74
2025-08-05,118,147,29746,744,761,204463.4,0.8027,252.08,202.35,0.9777,274.82,268.68,82.1,91.73,75.31
2025-08-06,112,147,26675,726,761,191625.1,0.7619,238.17,181.46,0.954,263.95,251.81,79.86,90.23,72.06
2025-08-07,105,147,25766,723,761,197722.7,0.7143,245.39,175.28,0.9501,273.48,259.82,75.18,89.73,67.46
2025-08-08,126,147,53986,732,761,298829.2,0.8571,428.46,367.25,0.9619,408.24,392.68,89.1,104.95,93.52
2025-08-09,142,147,65743,747,761,319207.6,0.966,462.98,447.23,0.9816,427.32,419.46,98.41,108.35,106.62
2025-08-10,123,147,29629,615,761,155941.5,0.8367,240.89,201.56,0.8081,253.56,204.92,103.54,95.0,98.36
2025-08-11,114,147,26275,654,761,168350.4,0.7755,230.48,178.74,0.8594,257.42,221.22,90.24,89.53,80.8
2025-08-12,122,147,28789,678,761,175394.6,0.8299,235.98,195.84,0.8909,258.69,230.48,93.15,91.22,84.97
2025-08-13,122,147,26754,703,761,181949.7,0.8299,219.3,182.0,0.9238,258.82,239.09,89.84,84.73,76.12
2025-08-14,104,147,30281,729,761,213693.7,0.7075,291.16,205.99,0.958,293.13,280.81,73.85,99.33,73.36
2025-08-15,132,147,52746,699,761,283130.0,0.898,399.59,358.82,0.9185,405.05,372.05,97.77,98.65,96.44
2025-08-16,135,147,56089,720,761,303999.8,0.9184,415.47,381.56,0.9461,422.22,399.47,97.07,98.4,95.52
2025-08-17,115,147,27245,651,761,145204.9,0.7823,236.91,185.34,0.8555,223.05,190.81,91.44,106.21,97.13
2025-08-18,93,147,21835,609,761,145461.5,0.6327,234.78,148.54,0.8003,238.85,191.15,79.06,98.3,77.71
2025-08-19,126,147,30673,681,761,174980.8,0.8571,243.44,208.66,0.8949,256.95,229.94,95.78,94.74,90.75
2025-08-20,130,147,36229,743,761,206558.9,0.8844,278.68,246.46,0.9763,278.01,271.43,90.59,100.24,90.8
2025-08-21,140,147,42150,744,761,228133.4,0.9524,301.07,286.73,0.9777,306.63,299.78,97.41,98.19,95.65
2025-08-22,141,147,64525,716,761,309660.5,0.9592,457.62,438.95,0.9409,432.49,406.91,101.94,105.81,107.87
2025-08-23,144,147,71111,750,761,345894.3,0.9796,493.83,483.75,0.9855,461.19,454.53,99.4,107.08,106.43
2025-08-24,142,147,34307,716,761,183637.6,0.966,241.6,233.38,0.9409,256.48,241.31,102.67,94.2,96.71
2025-08-25,143,147,40522,746,761,202969.7,0.9728,283.37,275.66,0.9803,272.08,266.71,99.23,104.15,103.36
2025-08-26,122,147,30822,737,761,209020.9,0.8299,252.64,209.67,0.9685,283.61,274.67,85.69,89.08,76.34
2025-08-27,137,147,38137,735,761,210622.3,0.932,278.37,259.44,0.9658,286.56,276.77,96.5,97.14,93.74
2025-08-28,140,147,40028,727,761,226002.5,0.9524,285.91,272.3,0.9553,310.87,296.98,99.7,91.97,91.69
2025-08-29,144,147,73273,737,761,365105.1,0.9796,508.84,498.46,0.9685,495.39,479.77,101.15,102.72,103.9
2025-08-30,145,147,80146,749,761,406733.6,0.9864,552.73,545.21,0.9842,543.04,534.47,100.22,101.78,102.01
2025-08-31,146,147,50194,751,761,282482.8,0.9932,343.79,341.46,0.9869,376.14,371.2,100.64,91.4,91.99
2025-09-01,131,147,33902,650,761,168074.9,0.8912,258.79,230.63,0.8541,258.58,220.86,104.34,100.08,104.42
2025-09-02,138,147,41237,733,761,248057.0,0.9388,298.82,280.52,0.9632,338.41,325.96,97.47,88.3,86.06
2025-09-03,144,147,51493,738,761,284531.4,0.9796,357.59,350.29,0.9698,385.54,373.89,101.01,92.75,93.69
2025-09-04,146,147,52732,740,761,309526.7,0.9932,361.18,358.72,0.9724,418.28,406.74,102.14,86.35,88.19
2025-09-05,141,147,72058,711,761,371889.7,0.9592,511.05,490.19,0.9343,523.05,488.69,102.67,97.71,100.31
2025-09-06,145,147,80687,752,761,412865.1,0.9864,556.46,548.89,0.9882,549.02,542.53,99.82,101.36,101.17
2025-09-07,140,147,41196,680,761,232424.9,0.9524,294.26,280.24,0.8936,341.8,305.42,106.58,86.09,91.76
2025-09-08,139,147,55371,728,761,302854.0,0.9456,398.35,376.67,0.9566,416.01,397.97,98.85,95.75,94.65
2025-09-09,143,147,60979,755,761,336206.4,0.9728,426.43,414.82,0.9921,445.31,441.8,98.05,95.76,93.89
2025-09-10,132,147,52996,727,761,305949.1,0.898,401.48,360.52,0.9553,420.84,402.04,94.0,95.4,89.67
2025-09-11,113,147,48004,736,761,301555.3,0.7687,424.81,326.56,0.9671,409.72,396.26,79.49,103.68,82.41
2025-09-12,123,147,70145,737,761,388225.3,0.8367,570.28,477.18,0.9685,526.76,510.15,86.39,108.26,93.54
2025-09-13,134,147,84706,734,761,417565.0,0.9116,632.13,576.23,0.9645,568.89,548.71,94.52,111.12,105.02
2025-09-14,136,147,43851,651,761,228077.7,0.9252,322.43,298.31,0.8555,350.35,299.71,108.15,92.03,99.53
2025-09-15,142,147,70621,739,761,341352.1,0.966,497.33,480.41,0.9711,461.91,448.56,99.47,107.67,107.1
2025-09-16,143,147,73047,748,761,399294.9,0.9728,510.82,496.92,0.9829,533.82,524.7,98.97,95.69,94.71
2025-09-17,131,147,67362,713,761,364239.8,0.8912,514.21,458.24,0.9369,510.86,478.63,95.12,100.66,95.74
2025-09-18,127,147,63426,707,761,347345.5,0.8639,499.42,431.47,0.929,491.29,456.43,92.99,101.65,94.53
2025-09-19,135,147,74364,730,761,431842.8,0.9184,550.84,505.88,0.9593,591.57,567.47,95.74,93.11,89.15
2025-09-20,128,147,79093,744,761,450181.0,0.8707,617.91,538.05,0.9777,605.08,591.57,89.06,102.12,90.95
2025-09-21,136,147,48089,706,761,238118.9,0.9252,353.6,327.14,0.9277,337.28,312.9,99.73,104.84,104.55
2025-09-22,135,147,73800,709,761,338225.0,0.9184,546.67,502.04,0.9317,477.05,444.45,98.57,114.59,112.96
2025-09-23,143,147,84723,740,761,414409.0,0.9728,592.47,576.35,0.9724,560.01,544.56,100.04,105.8,105.84
2025-09-24,145,147,85915,756,761,463343.0,0.9864,592.52,584.46,0.9934,612.89,608.86,99.3,96.68,95.99
2025-09-25,145,147,88868,751,761,455690.0,0.9864,612.88,604.54,0.9869,606.78,598.8,99.95,101.01,100.96
2025-09-26,143,147,110616,719,761,498653.0,0.9728,773.54,752.49,0.9448,693.54,655.26,102.96,111.54,114.84
2025-09-27,143,147,113708,741,761,515558.0,0.9728,795.16,773.52,0.9737,695.76,677.47,99.91,114.29,114.18
2025-09-28,107,147,38411,703,761,304749.3,0.7279,358.98,261.3,0.9238,433.5,400.46,78.79,82.81,65.25
2025-09-29,109,147,37141,650,761,221708.0,0.7415,340.74,252.66,0.8541,341.09,291.34,86.82,99.9,86.72
2025-09-30,110,147,37440,711,761,270277.8,0.7483,340.36,254.69,0.9343,380.14,355.16,80.09,89.54,71.71
2025-10-01,124,147,41598,713,761,278396.0,0.8435,335.47,282.98,0.9369,390.46,365.83,90.03,85.92,77.35
2025-10-02,133,147,49472,743,761,299678.9,0.9048,371.97,336.54,0.9763,403.34,393.8,92.68,92.22,85.46
2025-10-03,139,147,75899,711,761,390401.9,0.9456,546.04,516.32,0.9343,549.09,513.01,101.21,99.44,100.65
2025-10-04,145,147,84075,722,761,426308.1,0.9864,579.83,571.94,0.9488,590.45,560.19,103.96,98.2,102.1
2025-10-05,130,147,37813,648,761,220802.7,0.8844,290.87,257.23,0.8515,340.74,290.15,103.86,85.36,88.65
2025-10-06,137,147,65589,739,761,326536.9,0.932,478.75,446.18,0.9711,441.86,429.09,95.97,108.35,103.98
2025-10-07,146,147,70830,755,761,366716.2,0.9932,485.14,481.84,0.9921,485.72,481.89,100.11,99.88,99.99
2025-10-08,146,147,69819,754,761,374986.0,0.9932,478.21,474.96,0.9908,497.33,492.75,100.24,96.16,96.39
2025-10-09,141,147,58396,721,761,309509.4,0.9592,414.16,397.25,0.9474,429.28,406.71,101.25,96.48,97.67
2025-10-10,145,147,83669,737,761,437731.1,0.9864,577.03,569.18,0.9685,593.94,575.21,101.85,97.15,98.95
2025-10-11,146,147,86769,760,761,478086.5,0.9932,594.31,590.27,0.9987,629.06,628.23,99.45,94.48,93.96
2025-10-12,144,147,49668,635,761,225104.2,0.9796,344.92,337.88,0.8344,354.49,295.8,117.4,97.3,114.23
2025-10-13,128,147,51922,676,761,270441.3,0.8707,405.64,353.21,0.8883,400.06,355.38,98.02,101.39,99.39
2025-10-14,140,147,68217,746,761,382441.5,0.9524,487.26,464.06,0.9803,512.66,502.55,97.15,95.05,92.34
2025-10-15,146,147,74723,748,761,388854.0,0.9932,511.8,508.32,0.9829,519.86,510.98,101.05,98.45,99.48
2025-10-16,118,147,55592,721,761,357601.5,0.8027,471.12,378.18,0.9474,495.98,469.91,84.73,94.99,80.48
2025-10-17,124,147,71879,719,761,412762.5,0.8435,579.67,488.97,0.9448,574.08,542.39,89.28,100.97,90.15
2025-10-18,132,147,86093,751,761,447425.4,0.898,652.22,585.67,0.9869,595.77,587.94,90.99,109.48,99.61
2025-10-19,120,147,31209,615,761,200407.6,0.8163,260.08,212.31,0.8081,325.87,263.35,101.01,79.81,80.62
2025-10-20,114,147,38479,654,761,235557.8,0.7755,337.54,261.76,0.8594,360.18,309.54,90.24,93.71,84.56
2025-10-21,146,147,61481,743,761,308123.30000000005,0.9932,421.1,418.24,0.9763,414.7,404.89,101.73,101.54,103.3
2025-10-22,142,147,59599,738,761,319650.1,0.966,419.71,405.44,0.9698,433.13,420.04,99.61,96.9,96.52
2025-10-23,117,147,50171,709,761,318147.4,0.7959,428.81,341.3,0.9317,448.73,418.06,85.42,95.56,81.64
2025-10-24,140,147,75059,750,761,433776.8,0.9524,536.14,510.61,0.9855,578.37,570.01,96.64,92.7,89.58
2025-10-25,143,147,82696,745,761,451525.2,0.9728,578.29,562.56,0.979,606.07,593.33,99.37,95.42,94.81
2025-10-26,102,147,26564,631,761,198897.5,0.6939,260.43,180.71,0.8292,315.21,261.36,83.68,82.62,69.14
2025-10-27,140,147,44775,590,761,212407.9,0.9524,319.82,304.59,0.7753,360.01,279.12,122.84,88.84,109.13
2025-10-28,144,147,51162,728,761,308608.4,0.9796,355.29,348.04,0.9566,423.91,405.53,102.4,83.81,85.82
2025-10-29,144,147,49922,740,761,313746.4,0.9796,346.68,339.61,0.9724,423.98,412.28,100.74,81.77,82.37
2025-10-30,139,147,47880,674,761,261504.7,0.9456,344.46,325.71,0.8857,387.99,343.63,106.76,88.78,94.79
2025-10-31,144,147,73327,693,761,358610.6,0.9796,509.22,498.82,0.9106,517.48,471.24,107.58,98.4,105.85
2025-11-01,143,147,95825,753,761,467990.0,0.9728,670.1,651.87,0.9895,621.5,614.97,98.31,107.82,106.0
2025-11-02,142,147,39036,740,761,244164.9,0.966,274.9,265.55,0.9724,329.95,320.85,99.34,83.32,82.76
2025-11-03,139,147,48453,740,761,263126.9,0.9456,348.58,329.61,0.9724,355.58,345.76,97.24,98.03,95.33
2025-11-04,139,147,51485,751,761,293334.8,0.9456,370.4,350.24,0.9869,390.59,385.46,95.82,94.83,90.86
2025-11-05,142,147,52753,744,761,303909.4,0.966,371.5,358.86,0.9777,408.48,399.36,98.8,90.95,89.86
2025-11-06,144,147,54362,738,761,290061.9,0.9796,377.51,369.81,0.9698,393.04,381.16,101.01,96.05,97.02
2025-11-07,137,147,73609,733,761,375752.3,0.932,537.29,500.74,0.9632,512.62,493.76,96.76,104.81,101.41
2025-11-08,144,147,80494,740,761,398627.1,0.9796,558.99,547.58,0.9724,538.69,523.82,100.74,103.77,104.54
2025-11-09,131,147,32580,601,761,165750.4,0.8912,248.7,221.63,0.7898,275.79,217.81,112.84,90.18,101.75
2025-11-10,109,147,29991,632,761,183983.9,0.7415,275.15,204.02,0.8305,291.11,241.77,89.28,94.52,84.39
2025-11-11,126,147,37169,665,761,211437.1,0.8571,294.99,252.85,0.8739,317.95,277.84,98.08,92.78,91.01
2025-11-12,139,147,46350,728,761,251973.5,0.9456,333.45,315.31,0.9566,346.12,331.11,98.85,96.34,95.23
2025-11-13,123,147,38831,700,761,240521.8,0.8367,315.7,264.16,0.9198,343.6,316.06,90.97,91.88,83.58
2025-11-14,129,147,59920,720,761,326888.1,0.8776,464.5,407.62,0.9461,454.01,429.55,92.76,102.31,94.89
2025-11-15,134,147,66470,712,761,347306.4,0.9116,496.04,452.18,0.9356,487.79,456.38,97.43,101.69,99.08
2025-11-16,111,147,24478,605,761,153928.9,0.7551,220.52,166.52,0.795,254.43,202.27,94.98,86.67,82.33
2025-11-17,111,147,32209,663,761,207402.0,0.7551,290.17,219.11,0.8712,312.82,272.54,86.67,92.76,80.4
2025-11-18,140,147,41896,748,761,252775.8,0.9524,299.26,285.01,0.9829,337.94,332.16,96.9,88.55,85.81
2025-11-19,136,147,42655,722,761,252117.0,0.9252,313.64,290.17,0.9488,349.19,331.3,97.51,89.82,87.59
2025-11-20,131,147,36247,706,761,231341.5,0.8912,276.69,246.58,0.9277,327.68,304.0,96.07,84.44,81.11
2025-11-21,123,147,43977,733,761,289996.7,0.8367,357.54,299.16,0.9632,395.63,381.07,86.87,90.37,78.51
2025-11-22,138,147,56596,745,761,316660.9,0.9388,410.12,385.01,0.979,425.05,416.11,95.89,96.49,92.53
2025-11-23,104,147,21430,627,761,141142.6,0.7075,206.06,145.78,0.8239,225.11,185.47,85.87,91.54,78.6
2025-11-24,84,147,16508,549,761,121343.4,0.5714,196.52,112.3,0.7214,221.03,159.45,79.21,88.91,70.43
2025-11-25,80,147,15744,547,761,119994.8,0.5442,196.8,107.1,0.7188,219.37,157.68,75.71,89.71,67.92
2025-11-26,83,147,19108,640,761,182263.0,0.5646,230.22,129.99,0.841,284.79,239.5,67.13,80.84,54.28
2025-11-27,90,147,26288,675,761,225510.7,0.6122,292.09,178.83,0.887,334.09,296.33,69.02,87.43,60.35
2025-11-28,118,147,37155,729,761,273047.1,0.8027,314.87,252.76,0.958,374.55,358.8,83.79,84.07,70.45
2025-11-29,99,147,28394,680,761,228584.8,0.6735,286.81,193.16,0.8936,336.15,300.37,75.37,85.32,64.31
2025-11-30,84,147,16461,552,761,137490.1,0.5714,195.96,111.98,0.7254,249.08,180.67,78.77,78.67,61.98
2025-12-01,83,147,22882,593,761,190770.1,0.5646,275.69,155.66,0.7792,321.7,250.68,72.46,85.7,62.1
2025-12-02,117,147,47424,687,761,316437.5,0.7959,405.33,322.61,0.9028,460.61,415.82,88.16,88.0,77.58
2025-12-03,133,147,67521,731,761,368258.0,0.9048,507.68,459.33,0.9606,503.77,483.91,94.19,100.78,94.92
2025-12-04,131,147,67403,736,761,385726.3,0.8912,514.53,458.52,0.9671,524.08,506.87,92.15,98.18,90.46
2025-12-05,143,147,89037,736,761,446906.0,0.9728,622.64,605.69,0.9671,607.21,587.26,100.59,102.54,103.14
2025-12-06,133,147,79751,745,761,483158.0,0.9048,599.63,542.52,0.979,648.53,634.9,92.42,92.46,85.45
2025-12-07,108,147,36636,617,761,207125.7,0.7347,339.22,249.22,0.8108,335.7,272.18,90.61,101.05,91.56
2025-12-08,130,147,57009,693,761,294783.7,0.8844,438.53,387.82,0.9106,425.37,387.36,97.12,103.09,100.12
2025-12-09,143,147,78860,748,761,383474.0,0.9728,551.47,536.46,0.9829,512.67,503.91,98.97,107.57,106.46
2025-12-10,145,147,80186,753,761,383747.4,0.9864,553.01,545.48,0.9895,509.62,504.27,99.69,108.51,108.17
2025-12-11,143,147,71340,751,761,359523.3,0.9728,498.88,485.31,0.9869,478.73,472.44,98.57,104.21,102.72
2025-12-12,137,147,77886,734,761,411692.2,0.932,568.51,529.84,0.9645,560.89,540.99,96.63,101.36,97.94
2025-12-13,141,147,80102,740,761,433687.5,0.9592,568.1,544.91,0.9724,586.06,569.89,98.64,96.94,95.62
2025-12-14,107,147,24514,666,761,182192.5,0.7279,229.1,166.76,0.8752,273.56,239.41,83.17,83.75,69.65
2025-12-15,111,147,35656,634,761,182659.1,0.7551,321.23,242.56,0.8331,288.11,240.03,90.64,111.5,101.05
2025-12-16,116,147,32370,660,761,217958.7,0.7891,279.05,220.2,0.8673,330.24,286.41,90.98,84.5,76.88
2025-12-17,109,147,27452,620,761,194683.3,0.7415,251.85,186.75,0.8147,314.01,255.83,91.02,80.2,73.0
2025-12-18,104,147,27652,609,761,178830.2,0.7075,265.88,188.11,0.8003,293.65,234.99,88.4,90.54,80.05
2025-12-19,132,147,44746,705,761,270590.6,0.898,338.98,304.39,0.9264,383.82,355.57,96.93,88.32,85.61
2025-12-20,143,147,56841,740,761,312975.5,0.9728,397.49,386.67,0.9724,422.94,411.27,100.04,93.98,94.02
2025-12-21,125,147,21694,631,761,156195.5,0.8503,173.55,147.58,0.8292,247.54,205.25,102.54,70.11,71.9
2025-12-22,98,147,17236,578,761,146444.40000000002,0.6667,175.88,117.25,0.7595,253.36,192.44,87.78,69.42,60.93
2025-12-23,99,147,17571,553,761,141078.8,0.6735,177.48,119.53,0.7267,255.12,185.39,92.68,69.57,64.47
2025-12-24,101,147,21428,593,761,151690.40000000002,0.6871,212.16,145.77,0.7792,255.8,199.33,88.18,82.94,73.13
2025-12-25,117,147,24349,627,761,177524.90000000002,0.7959,208.11,165.64,0.8239,283.13,233.28,96.6,73.5,71.0
2025-12-26,122,147,40028,657,761,250165.8,0.8299,328.1,272.3,0.8633,380.77,328.73,96.13,86.17,82.83
2025-12-27,117,147,43112,705,761,290827.4,0.7959,368.48,293.28,0.9264,412.52,382.16,85.91,89.32,76.74
2025-12-28,128,147,36202,687,761,214526.9,0.8707,282.83,246.27,0.9028,312.27,281.9,96.44,90.57,87.36
2025-12-29,107,147,28980,686,761,212325.4,0.7279,270.84,197.14,0.9014,309.51,279.01,80.75,87.51,70.66
2025-12-30,103,147,33514,632,761,234349.0,0.7007,325.38,227.99,0.8305,370.81,307.95,84.37,87.75,74.03
2025-12-31,136,147,69932,704,761,357631.4,0.9252,514.21,475.73,0.9251,508.0,469.95,100.01,101.22,101.23
