business_date,split,actual_revenue,predicted_revenue,actual_occupancy,predicted_occupancy,actual_adr,predicted_adr
2024-01-01,train,17535.649999999998,15418.244,0.6102,0.557,243.55,234.1073
2024-01-02,train,8968.3,12443.0615,0.4182,0.5191,194.96,201.2134
2024-01-03,train,9069.37,9369.3251,0.4706,0.4988,161.95,162.7758
2024-01-04,train,11145.38,11526.8974,0.5246,0.5761,174.15,175.7946
2024-01-05,train,14944.68,14478.4335,0.7391,0.665,175.82,176.71
2024-01-06,train,14423.5,14838.5562,0.6818,0.6756,192.31,196.9496
2024-01-07,train,6955.31,9568.7764,0.3894,0.5265,158.08,161.5185
2024-01-08,train,9447.65,10633.8964,0.4786,0.5718,168.71,169.7368
2024-01-09,train,11503.89,11413.6798,0.5641,0.5884,174.3,179.0501
2024-01-10,train,11928.89,11991.9027,0.6701,0.6886,183.52,187.4648
2024-01-11,train,11872.26,11954.3171,0.5877,0.6231,177.2,175.2549
2024-01-12,train,21201.78,20559.3203,0.8761,0.8517,214.16,213.8867
2024-01-13,train,28366.48,28649.7546,1.0,0.9098,242.45,247.5075
2024-01-14,train,16065.47,16033.7388,0.9423,0.9004,163.93,168.5337
2024-01-15,train,14233.73,15654.7513,0.8977,0.9267,180.17,183.8071
2024-01-16,train,14013.78,14318.2093,0.7857,0.795,182.0,184.3211
2024-01-17,train,11928.49,12065.9188,0.7553,0.7652,168.01,167.4937
2024-01-18,train,12748.37,13162.0632,0.6667,0.6952,167.74,169.0876
2024-01-19,train,21616.14,21514.9826,0.9565,0.9265,196.51,199.7522
2024-01-20,train,23350.82,22857.3096,1.0,0.9293,199.58,200.627
2024-01-21,train,11559.68,11707.303,0.9231,0.8574,160.55,162.1136
2024-01-22,train,12422.03,12558.4651,1.0,0.8918,163.45,165.6083
2024-01-23,train,13232.37,12774.9576,0.977,0.8728,155.67,161.547
2024-01-24,train,14110.79,14481.0351,0.9884,0.9176,166.01,171.8091
2024-01-25,train,15829.51,16134.7634,0.9655,0.9804,188.45,187.049
2024-01-26,train,21768.62,22228.1136,0.9886,0.9664,250.21,251.6997
2024-01-27,train,23484.36,22854.222,0.9886,0.9751,269.94,259.4079
2024-01-28,train,7896.98,9475.4494,0.6575,0.7425,164.52,163.6569
2024-01-29,train,7944.86,9732.7559,0.5714,0.7178,165.52,168.0538
2024-01-30,train,9604.95,10225.1819,0.6629,0.7032,162.8,161.9047
2024-01-31,train,11648.1,11789.5727,0.8427,0.8262,155.31,158.2796
2024-02-01,train,12558.08,12792.9972,0.8989,0.852,156.98,159.8902
2024-02-02,train,19232.72,19491.0438,0.9886,0.974,221.07,226.262
2024-02-03,train,23638.28,23248.6029,0.9802,0.969,238.77,242.175
2024-02-04,train,12537.57,13073.4752,0.6789,0.729,169.43,171.8567
2024-02-05,train,12300.91,12445.4637,0.8837,0.8513,161.85,166.3587
2024-02-06,train,15055.13,14729.8811,0.9767,0.9016,179.23,177.8533
2024-02-07,train,12787.34,13168.452,0.8391,0.7965,175.17,177.1482
2024-02-08,train,17118.77,18191.1546,0.9432,0.9507,206.25,204.5057
2024-02-09,train,17828.33,18988.5206,0.9425,0.9539,217.42,222.5426
2024-02-10,train,21141.47,22622.1226,1.0,0.9746,240.24,245.4054
2024-02-11,train,10355.28,11568.7311,0.8395,0.8597,152.28,158.3433
2024-02-12,train,12853.18,12939.693,0.7364,0.7501,158.68,165.5836
2024-02-13,train,12370.74,12707.0322,0.681,0.7018,156.59,163.4475
2024-02-14,train,18899.58,19133.9464,0.7965,0.8154,210.0,210.6066
2024-02-15,train,11941.27,13907.5612,0.6053,0.6861,173.06,179.3112
2024-02-16,train,27129.15,27186.1141,0.7797,0.8627,294.88,291.5515
2024-02-17,train,36997.82,37514.6888,0.9675,0.9435,310.91,310.3756
2024-02-18,train,25218.74,24683.9225,0.991,0.9327,229.26,223.3562
2024-02-19,train,17852.51,17785.5965,0.9091,0.9044,198.36,195.5937
2024-02-20,train,18261.38,18197.0365,0.8952,0.8554,194.27,197.0028
2024-02-21,train,17606.54,16484.9082,0.9038,0.8543,187.3,188.5578
2024-02-22,train,19621.38,19451.072,0.9346,0.8781,196.21,195.7787
2024-02-23,train,21057.01,21031.8418,0.8037,0.8348,244.85,248.33
2024-02-24,train,28753.55,27753.9009,0.973,0.9166,266.24,270.6463
2024-02-25,train,14639.51,15727.0848,0.7679,0.7906,170.23,180.552
2024-02-26,train,13361.03,13830.5258,0.9268,0.9369,175.8,176.3032
2024-02-27,train,16576.99,16581.6457,0.9882,0.9565,197.35,197.5226
2024-02-28,train,17259.7,17155.982,0.9885,0.9573,200.69,200.8271
2024-02-29,train,14735.19,15146.7511,0.9412,0.9385,184.19,189.9125
2024-03-01,train,20510.24,22119.0144,0.9882,0.9775,244.17,252.2187
2024-03-02,train,22618.96,22795.9883,0.977,0.9525,266.11,267.2723
2024-03-03,train,10014.21,12037.8036,0.6375,0.6976,196.36,202.3512
2024-03-04,train,7964.15,10691.4373,0.4457,0.6401,194.25,197.0716
2024-03-05,train,14008.42,14005.2483,0.7363,0.7283,209.08,209.8194
2024-03-06,train,12929.86,13746.452,0.7262,0.7517,211.96,215.7792
2024-03-07,train,15255.55,15684.9045,0.699,0.7385,211.88,214.8727
2024-03-08,train,28049.37,27542.6705,0.9524,0.9229,280.49,275.1646
2024-03-09,train,33466.54,33831.3692,0.9748,0.9158,288.5,296.1757
2024-03-10,train,16654.79,16959.9362,0.7431,0.7542,205.61,208.673
2024-03-11,train,17279.88,18527.7442,0.7054,0.7145,218.73,219.6566
2024-03-12,train,20387.94,20527.3734,0.7023,0.707,221.61,225.539
2024-03-13,train,32032.83,31575.2971,0.9922,0.9397,252.23,254.763
2024-03-14,train,37130.48,36781.9138,0.9549,0.9318,292.37,287.3375
2024-03-15,train,47130.6,46712.6724,0.9225,0.9092,359.78,359.0006
2024-03-16,train,52116.04,50033.2814,0.9577,0.944,383.21,379.9183
2024-03-17,train,41692.94,39715.925,0.9078,0.8822,325.73,314.8089
2024-03-18,train,23607.9,24234.4583,0.6831,0.7114,243.38,243.8678
2024-03-19,train,26589.37,25643.4363,0.831,0.8044,225.33,224.0583
2024-03-20,train,22000.04,21228.5085,0.7681,0.7459,207.55,212.2086
2024-03-21,train,26309.72,27333.309,0.8647,0.8568,228.78,234.5813
2024-03-22,train,45835.89,46377.6219,0.986,0.9641,325.08,334.6982
2024-03-23,train,54796.68,52336.5955,1.0,0.9532,388.63,389.9778
2024-03-24,train,35338.07,35340.2876,1.0,0.9681,247.12,249.2464
2024-03-25,train,30095.82,30121.0026,0.9338,0.9031,236.97,239.6876
2024-03-26,train,25970.78,25464.3366,0.8467,0.8136,223.89,227.7438
2024-03-27,train,30285.86,30270.4374,0.8643,0.8535,250.3,250.5589
2024-03-28,train,35130.05,35078.8782,0.979,0.9718,250.93,255.9669
2024-03-29,train,52186.45,51869.3091,1.0,0.9773,364.94,369.8698
2024-03-30,train,44598.78,47590.7856,0.9161,0.9276,340.45,354.696
2024-03-31,train,19761.32,19533.5255,0.6154,0.6293,224.56,221.4304
2024-04-01,train,13566.79,14945.4499,0.4825,0.519,196.62,212.2867
2024-04-02,train,18843.98,19170.0299,0.5455,0.5568,241.59,241.2028
2024-04-03,train,25775.33,25704.9482,0.7133,0.7086,252.7,257.6033
2024-04-04,train,24509.51,25543.4975,0.5461,0.5665,318.31,312.2158
2024-04-05,train,39126.65,42606.1943,0.7214,0.7529,387.39,390.357
2024-04-06,train,54286.69,51995.5338,0.9209,0.8881,424.11,419.3602
2024-04-07,train,21315.84,21160.9894,0.7196,0.7354,276.83,274.2565
2024-04-08,train,18983.05,20410.1542,0.4718,0.5317,283.33,279.4651
2024-04-09,train,19110.51,20017.8613,0.4789,0.5152,281.04,279.3578
2024-04-10,train,27173.65,26483.8929,0.6573,0.6482,289.08,288.1832
2024-04-11,train,32524.95,30300.6991,0.7692,0.7355,295.68,299.2631
2024-04-12,train,41798.54,42819.3385,0.7676,0.7696,383.47,376.1721
2024-04-13,train,50283.41,49212.1937,0.8873,0.8861,399.07,396.2692
2024-04-14,train,25141.42,24631.6939,0.6224,0.6582,282.49,274.1968
2024-04-15,train,32981.63,32548.2792,0.8511,0.8191,274.85,276.1035
2024-04-16,train,38520.43,36682.3274,0.993,0.9275,271.27,274.0694
2024-04-17,train,41083.02,40980.6717,0.986,0.9656,291.37,290.1189
2024-04-18,train,44369.77,44141.7181,0.9859,0.9768,316.93,311.1946
2024-04-19,train,47859.97,49340.3517,0.8601,0.8991,389.11,391.0004
2024-04-20,train,55289.23,57029.9921,0.9155,0.9488,425.3,424.7035
2024-04-21,train,24776.07,25212.4702,0.6992,0.712,288.09,282.2135
2024-04-22,train,25829.66,25926.5175,0.7234,0.7335,253.23,255.3176
2024-04-23,train,22649.52,23038.3066,0.6154,0.6274,257.38,256.7154
2024-04-24,train,27564.79,27659.5381,0.7413,0.762,260.05,259.7924
2024-04-25,train,31818.28,33040.0351,0.8112,0.8329,274.3,276.4423
2024-04-26,train,46865.87,46459.8716,0.8252,0.8433,397.17,398.4011
2024-04-27,train,72421.5,70497.1514,0.993,0.975,510.01,502.3339
2024-04-28,train,28927.99,29529.4556,0.7762,0.78,260.61,262.2012
2024-04-29,train,29470.36,29034.8969,0.7746,0.7761,267.91,266.6028
2024-04-30,train,29957.38,29113.1965,0.7832,0.7755,267.48,268.5833
2024-05-01,train,43083.03,43434.768,0.965,0.9501,312.2,310.9422
2024-05-02,train,45480.920000000006,45870.8365,0.9718,0.9526,329.57,336.0566
2024-05-03,train,62092.0,61221.9445,0.9231,0.9095,470.39,475.1828
2024-05-04,train,74963.77,74529.7621,1.0,0.9765,524.22,521.782
2024-05-05,train,28673.4,29990.1253,0.7483,0.7841,267.98,271.0384
2024-05-06,train,41744.78,41594.7004,0.993,0.9743,296.06,296.3591
2024-05-07,train,44805.99,44357.1534,1.0,0.9782,315.54,315.8081
2024-05-08,train,44604.68,43518.7045,0.9787,0.9463,323.22,324.7727
2024-05-09,train,48802.97,48665.0051,0.9714,0.9575,358.85,355.5131
2024-05-10,train,62842.3,62079.2587,0.9504,0.9649,468.97,465.93
2024-05-11,train,63772.57,63631.7876,0.9784,0.9675,468.92,463.5798
2024-05-12,train,20668.54,22273.1074,0.5786,0.6365,255.17,256.9857
2024-05-13,train,33743.71,35651.6741,0.7676,0.8212,309.58,309.7727
2024-05-14,train,66124.26,64916.974,0.993,0.9782,468.97,462.7233
2024-05-15,train,66007.54,64891.052,0.9792,0.9701,468.14,462.8936
2024-05-16,train,57865.1,57512.427,0.8881,0.9035,455.63,442.4146
2024-05-17,train,68574.14,67658.4958,0.9444,0.9494,504.22,497.1433
2024-05-18,train,76583.81,75030.7461,0.9722,0.9659,547.03,533.6965
2024-05-19,train,34186.62,35258.1915,0.8601,0.8968,277.94,280.7454
2024-05-20,train,41843.5,42183.4286,0.965,0.9682,303.21,305.5626
2024-05-21,train,47024.2,47380.8825,0.9931,0.9763,326.56,332.1975
2024-05-22,train,49733.99,49061.0256,0.979,0.9703,355.24,350.6305
2024-05-23,train,52471.53,51831.8652,0.9862,0.9663,366.93,368.8619
2024-05-24,train,55440.24,55673.3797,0.931,0.953,410.67,413.2119
2024-05-25,train,65621.78,65280.9006,0.9722,0.9669,468.73,467.4011
2024-05-26,train,39605.81,40312.0209,0.9658,0.9701,280.89,284.7454
2024-05-27,train,20229.92,20114.1642,0.6096,0.6513,227.3,225.6544
2024-05-28,train,22622.18,23764.0801,0.6483,0.6995,240.66,245.6277
2024-05-29,train,24040.24,24364.7666,0.6828,0.7032,242.83,247.6903
2024-05-30,train,31577.64,31523.0884,0.8151,0.8136,265.36,274.8453
2024-05-31,train,58450.54,57304.4638,0.9931,0.9752,405.91,403.5437
2024-06-01,train,62957.72,62845.8066,0.9658,0.9718,446.51,442.319
2024-06-02,train,31040.68,31644.0586,0.8069,0.8447,265.3,261.7022
2024-06-03,train,38485.28,39482.3943,0.9103,0.9429,291.56,292.0111
2024-06-04,train,43735.27,43127.807,1.0,0.978,297.52,296.9847
2024-06-05,train,46485.21,45449.551,1.0,0.9602,316.23,316.794
2024-06-06,train,47582.12,46834.5406,0.9718,0.9476,344.8,338.9143
2024-06-07,train,57044.32,58141.3621,0.9184,0.939,422.55,425.2511
2024-06-08,train,66814.55,66413.7223,0.9589,0.9583,477.25,478.5748
2024-06-09,train,41505.6,40934.8809,0.9932,0.9718,284.28,287.8129
2024-06-10,train,41765.71,42892.2852,0.966,0.974,294.12,296.699
2024-06-11,train,46731.09,46626.2398,0.9864,0.9703,322.28,320.7071
2024-06-12,train,46192.81,45429.1287,0.9864,0.9707,318.57,316.0594
2024-06-13,train,45743.41,45997.543,0.9456,0.9509,329.09,324.4303
2024-06-14,train,56518.14,55807.7171,0.9161,0.9218,431.44,425.4358
2024-06-15,train,65276.09,64980.7925,0.9184,0.9358,483.53,475.2401
2024-06-16,train,27341.55,29677.5005,0.7619,0.8537,244.12,249.619
2024-06-17,train,34671.66,34566.9046,0.9779,0.9577,260.69,264.1539
2024-06-18,train,35158.49,34407.037,0.8973,0.9174,268.39,265.2154
2024-06-19,train,33219.91,33333.1059,0.8681,0.9005,265.76,265.4238
2024-06-20,train,35039.18,36796.5801,0.8414,0.8989,287.21,289.4656
2024-06-21,train,62229.630000000005,60595.979,0.9931,0.9672,432.15,431.2389
2024-06-22,train,66073.2,65037.0633,0.966,0.9613,465.3,456.8525
2024-06-23,train,42028.24,40847.1739,0.9932,0.9689,287.86,284.517
2024-06-24,train,45403.27,43981.9956,1.0,0.967,310.98,305.2072
2024-06-25,train,47591.24,46625.6583,1.0,0.9837,323.75,320.1559
2024-06-26,train,46208.51,46326.7976,0.9932,0.9789,316.5,317.769
2024-06-27,train,46648.28,46898.3082,1.0,0.9809,319.51,318.9146
2024-06-28,train,52974.74,52918.1752,0.9456,0.9428,381.11,381.4001
2024-06-29,train,55607.17,56738.9047,0.9524,0.9498,397.19,412.3849
2024-06-30,train,29654.64,31360.6629,0.8207,0.8596,249.2,257.3078
2024-07-01,train,22181.67,22461.0417,0.6573,0.6643,235.98,240.7485
2024-07-02,train,22352.21,22564.1756,0.6364,0.6538,245.63,244.6795
2024-07-03,train,31912.38,32159.2099,0.9855,0.9577,234.65,239.7391
2024-07-04,train,46795.32,47315.386,0.9932,0.9761,320.52,324.7702
2024-07-05,train,53201.52,54564.2517,0.9514,0.9611,388.33,390.3412
2024-07-06,train,53180.81,53339.1931,0.9929,0.9697,382.6,383.2646
2024-07-07,train,32558.89,31992.2773,0.9481,0.9349,254.37,252.3339
2024-07-08,train,37880.45,37303.3536,0.9375,0.9283,280.6,280.6422
2024-07-09,train,40569.51,39747.9101,0.9441,0.9223,300.51,299.7764
2024-07-10,train,38147.9,38600.5325,0.979,0.9613,272.48,275.4706
2024-07-11,train,35099.15,35154.9178,0.9021,0.9081,272.09,273.0857
2024-07-12,train,50253.24,50641.9907,0.8993,0.9023,402.03,402.3664
2024-07-13,train,52441.030000000006,52777.3851,0.8601,0.8818,426.35,425.675
2024-07-14,train,27888.1,28563.8944,0.8357,0.8417,238.36,245.7909
2024-07-15,train,33818.82,34696.9312,0.9403,0.9393,268.4,269.3619
2024-07-16,train,43842.08,43523.7449,1.0,0.9838,300.29,300.8335
2024-07-17,train,44158.26,43773.9144,1.0,0.9858,302.45,302.324
2024-07-18,train,43755.03,43528.8065,0.9863,0.9775,303.85,306.3888
2024-07-19,train,49009.38,50156.0785,0.9034,0.9375,374.12,378.2286
2024-07-20,train,60052.37,60059.828,0.9793,0.9764,422.9,427.2366
2024-07-21,train,29196.21,29484.8995,0.9333,0.9232,231.72,236.3893
2024-07-22,train,28794.11,29774.7638,0.938,0.9219,237.97,243.6136
2024-07-23,train,30128.49,30171.0433,0.9355,0.9173,259.73,259.7995
2024-07-24,train,31925.5,31112.6075,0.8252,0.8007,270.56,271.4123
2024-07-25,train,42265.99,42307.9337,0.9792,0.9615,299.76,300.6832
2024-07-26,train,54901.58,53250.3382,0.9928,0.9553,397.84,393.6474
2024-07-27,train,58772.18,58583.4509,0.9793,0.9791,413.89,411.3595
2024-07-28,train,24910.06,24652.4504,0.7063,0.6951,246.63,246.9311
2024-07-29,train,23444.78,24008.9054,0.6759,0.696,239.23,240.3771
2024-07-30,train,30086.85,29883.1662,0.8435,0.8426,242.64,244.3197
2024-07-31,train,29655.53,29110.2015,0.8138,0.7768,251.32,252.5
2024-08-01,train,44261.78,43169.5627,0.9931,0.961,309.52,306.1589
2024-08-02,train,60145.97,58671.0844,0.9722,0.9532,429.61,423.7009
2024-08-03,train,55288.630000000005,55851.4916,1.0,0.9754,389.36,394.1147
2024-08-04,train,23450.67,24092.3883,0.8,0.828,234.51,234.9792
2024-08-05,train,24217.3,24804.8843,0.7969,0.8343,237.42,239.2463
2024-08-06,train,28454.84,29142.1296,0.8433,0.8743,251.81,254.3209
2024-08-07,train,28371.38,28167.0535,0.7842,0.789,260.29,257.6345
2024-08-08,train,37041.43,38179.8207,0.8936,0.9166,293.98,294.0968
2024-08-09,train,49940.87,51695.2535,0.8671,0.9111,402.75,403.2205
2024-08-10,train,60564.0,60033.4725,0.9858,0.968,435.71,434.9472
2024-08-11,train,27937.35,28010.4487,0.8042,0.8129,242.93,247.876
2024-08-12,train,24099.18,24607.0554,0.7286,0.7483,236.27,238.7962
2024-08-13,train,19976.1,21282.5152,0.5524,0.587,252.86,251.1044
2024-08-14,train,25114.6,25400.3073,0.6667,0.7003,256.27,264.4911
2024-08-15,train,26739.32,28959.0933,0.7055,0.7573,259.61,268.2774
2024-08-16,train,51788.53,51310.5933,0.8014,0.8194,442.64,435.9023
2024-08-17,train,62914.58,63395.8966,0.9214,0.9362,487.71,480.5165
2024-08-18,train,33286.71,33825.8381,0.9716,0.9656,242.97,245.9991
2024-08-19,train,24227.87,24524.4893,0.7222,0.7405,232.96,232.4779
2024-08-20,train,21749.79,22063.2598,0.6207,0.6409,241.66,242.7738
2024-08-21,train,26235.25,26978.7646,0.7448,0.7609,242.92,245.6052
2024-08-22,train,35894.73,35067.3536,0.9433,0.924,269.89,274.8475
2024-08-23,train,59640.33,55302.394,0.9586,0.8963,429.07,432.797
2024-08-24,train,53011.18,54356.2818,0.8462,0.8742,438.11,439.4157
2024-08-25,train,24699.19,25063.378,0.7083,0.7369,242.15,241.3034
2024-08-26,train,25403.19,26208.2378,0.7698,0.7992,237.41,241.0999
2024-08-27,train,30084.97,30590.9805,0.8382,0.8784,263.9,261.9784
2024-08-28,train,34050.8,33773.3594,0.9562,0.9472,259.93,262.0526
2024-08-29,train,38914.71,39846.7799,0.9231,0.9472,294.81,295.6669
2024-08-30,train,60922.79,60615.9476,0.8699,0.8925,479.71,477.0092
2024-08-31,train,77420.11,76984.9374,0.9932,0.9671,533.93,534.0949
2024-09-01,train,48741.41,48759.6889,0.9444,0.9461,358.39,359.6076
2024-09-02,train,25161.45,26618.1464,0.6788,0.7048,270.55,274.796
2024-09-03,train,27014.9,26844.7652,0.6923,0.6994,272.88,275.7609
2024-09-04,train,33298.43,33910.5546,0.7931,0.7807,289.55,292.4274
2024-09-05,train,36835.87,35458.3105,0.7832,0.7889,328.89,331.3429
2024-09-06,train,50791.55,52918.8533,0.7899,0.8034,465.98,456.9324
2024-09-07,train,64853.62,66140.4584,0.8056,0.8201,559.08,545.6268
2024-09-08,train,35767.28,35691.4896,0.8298,0.8166,305.7,312.8411
2024-09-09,train,45535.45,45781.6511,0.9034,0.9354,347.6,350.587
2024-09-10,train,59180.49,59240.7897,0.9379,0.926,435.15,436.6839
2024-09-11,train,64182.69,62087.3895,0.9793,0.9637,451.99,441.9865
2024-09-12,train,46305.87,45572.0666,0.8239,0.8204,395.78,389.14
2024-09-13,train,55550.68,56439.0249,0.8662,0.8686,451.63,459.4046
2024-09-14,train,66962.46,67195.4705,0.9858,0.9631,481.74,487.7119
2024-09-15,train,37378.37,36899.6921,0.7857,0.8009,339.8,337.4488
2024-09-16,train,53315.85,52641.8189,0.9441,0.9518,394.93,390.228
2024-09-17,train,72478.4,72265.3689,0.9444,0.9658,532.93,523.0059
2024-09-18,train,77630.92,75998.6792,1.0,0.9757,539.1,537.0348
2024-09-19,train,63377.19,63325.2361,0.9137,0.9338,499.03,491.6183
2024-09-20,train,75450.41,75531.6667,0.9028,0.9273,580.39,570.8595
2024-09-21,train,83829.52,82812.6424,0.993,0.9695,590.35,588.5529
2024-09-22,train,48895.26,49081.9689,0.9583,0.963,354.31,352.1809
2024-09-23,train,69935.03,69908.3611,0.965,0.9651,506.78,505.3739
2024-09-24,train,80137.02,80357.0918,1.0,0.9745,560.4,572.9134
2024-09-25,train,77367.90999999999,78352.8472,0.9793,0.984,544.84,554.2137
2024-09-26,train,60709.37,62446.7183,0.965,0.9652,439.92,450.9195
2024-09-27,train,73420.86,71729.7155,0.9441,0.9069,543.86,537.5551
2024-09-28,train,78876.22,74687.8556,1.0,0.9613,551.58,541.6691
2024-09-29,train,24070.43,23411.1833,0.65,0.6457,264.51,266.7066
2024-09-30,train,25657.06,24707.1537,0.6127,0.5983,294.91,288.3921
2024-10-01,train,34216.9,34320.3749,0.8042,0.7841,297.54,299.633
2024-10-02,train,37592.47,35854.7353,0.7708,0.7682,338.67,333.9223
2024-10-03,train,34796.32,35274.346,0.7361,0.7647,328.27,329.7851
2024-10-04,train,73680.19,78518.2245,0.9291,0.9535,562.44,576.6368
2024-10-05,train,82315.18,82455.987,0.9929,0.9695,587.97,588.4767
2024-10-06,train,43600.94,44778.9719,0.8849,0.8999,354.48,356.3749
2024-10-07,train,52424.86,51226.9232,1.0,0.9747,369.19,368.8847
2024-10-08,train,62655.54,62920.0965,0.9932,0.9827,429.15,432.6404
2024-10-09,train,62986.68,62819.6421,1.0,0.9799,428.48,428.7591
2024-10-10,train,58747.4,57049.5593,0.9859,0.9502,419.62,419.8381
2024-10-11,train,80499.88,81416.918,0.9658,0.948,570.92,575.952
2024-10-12,train,83109.61,81725.4987,1.0,0.9495,565.37,580.1388
2024-10-13,train,57201.86,55015.0736,0.9452,0.9075,414.51,409.8474
2024-10-14,train,54740.32,54372.5709,0.8912,0.889,417.87,419.6937
2024-10-15,train,68581.93,68471.5691,1.0,0.9654,466.54,474.7667
2024-10-16,train,75614.45,74751.3141,1.0,0.9813,517.91,516.2142
2024-10-17,train,73201.87,73313.7012,0.9932,0.978,504.84,500.4522
2024-10-18,train,71439.2,69730.2524,0.8621,0.853,571.51,558.9956
2024-10-19,train,71730.82,76174.4115,0.8472,0.8542,587.96,604.6118
2024-10-20,train,42901.58,42599.5029,0.8671,0.8695,345.98,349.0441
2024-10-21,train,55798.97,55505.3804,0.9795,0.9835,390.2,391.6742
2024-10-22,train,59097.73,58624.9906,0.993,0.9826,416.18,409.891
2024-10-23,train,59076.670000000006,58551.2141,1.0,0.9848,407.43,405.1599
2024-10-24,train,60031.2,59000.5215,0.9931,0.9814,416.88,412.4447
2024-10-25,train,76215.93000000001,74572.3696,0.9384,0.9507,556.32,545.5495
2024-10-26,train,74976.69,73494.4383,0.9793,0.9674,528.0,517.3225
2024-10-27,train,38305.31,38734.8755,0.8219,0.8706,319.21,312.3223
2024-10-28,train,56835.83,56152.131,0.9726,0.9594,400.25,399.0766
2024-10-29,train,59072.87,57819.0545,0.9863,0.9761,410.23,403.8985
2024-10-30,train,23654.12,24691.073,0.5616,0.6282,288.46,290.6212
2024-10-31,train,27323.39,27750.4448,0.7517,0.7504,250.67,256.1663
2024-11-01,train,67589.2,68940.5171,0.9306,0.931,504.4,507.3813
2024-11-02,train,80293.78,80473.5559,0.9861,0.975,565.45,570.519
2024-11-03,train,24374.41,24828.4307,0.5594,0.6172,304.68,295.4096
2024-11-04,train,17727.68,18891.484,0.4653,0.5259,264.59,258.0019
2024-11-05,train,24963.47,24459.9301,0.7042,0.6797,249.63,254.6439
2024-11-06,train,26737.69,27440.7307,0.6993,0.7106,267.38,274.7268
2024-11-07,train,25232.54,25259.5507,0.6084,0.6555,290.03,291.0251
2024-11-08,train,57451.52,57318.8438,0.9357,0.939,438.56,438.465
2024-11-09,train,67894.0,66702.8873,0.993,0.9647,478.13,477.0195
2024-11-10,train,23590.11,23637.8766,0.6294,0.647,262.11,261.7035
2024-11-11,train,24023.89,23918.1089,0.735,0.715,279.35,275.0729
2024-11-12,train,41682.68,40962.8076,0.8966,0.8997,320.64,317.8776
2024-11-13,train,46712.51,46498.8669,0.9931,0.9726,326.66,326.9237
2024-11-14,train,47403.77,46206.3627,1.0,0.9603,329.19,330.9128
2024-11-15,train,58203.99,56890.9903,0.9028,0.8812,447.72,442.0284
2024-11-16,train,67110.06,66391.71,0.9586,0.9392,482.81,481.5093
2024-11-17,train,26744.91,25360.8415,0.7172,0.6949,257.16,259.3762
2024-11-18,train,33766.92,32980.1839,0.8309,0.8155,298.82,293.2471
2024-11-19,train,41400.92,40830.8462,0.8811,0.878,328.58,331.8331
2024-11-20,train,36776.23,36648.4531,0.7517,0.7647,337.4,331.9607
2024-11-21,train,30711.83,30902.5121,0.7465,0.7673,289.73,290.9278
2024-11-22,train,46671.91,46878.7705,0.8794,0.8767,376.39,382.3753
2024-11-23,train,51507.74,52467.6717,0.9078,0.9347,402.4,399.0472
2024-11-24,train,16022.23,16717.8411,0.531,0.5573,208.08,210.238
2024-11-25,train,13097.2,12773.2928,0.469,0.5069,192.61,189.0494
2024-11-26,train,11290.6,12518.8197,0.469,0.5178,166.04,175.8911
2024-11-27,train,15270.56,15285.1087,0.4685,0.5155,227.92,224.9421
2024-11-28,train,18705.0,20747.0765,0.5,0.5478,259.79,264.0537
2024-11-29,train,33780.12,37401.5863,0.617,0.6179,388.28,385.649
2024-11-30,train,23243.65,26377.062,0.4685,0.5121,346.92,348.2268
2024-12-01,train,14707.17,15279.8552,0.4615,0.5431,222.84,227.7072
2024-12-02,train,27172.84,26388.0902,0.5563,0.5816,343.96,336.7708
2024-12-03,train,59255.12,55967.077,0.8741,0.8332,474.04,456.6768
2024-12-04,train,75933.22,74270.0767,0.9931,0.9708,527.31,527.2817
2024-12-05,train,70800.88,69898.4406,0.9931,0.9708,491.67,482.8011
2024-12-06,train,83023.49,83235.5324,0.9514,0.9529,606.01,594.5666
2024-12-07,train,89258.19,83782.9342,0.9931,0.9674,619.85,589.4448
2024-12-08,train,32279.52,32942.9146,0.75,0.7693,298.88,300.2625
2024-12-09,train,49256.87,48937.0432,0.9037,0.9031,403.74,403.0278
2024-12-10,train,71466.84,69993.4359,1.0,0.9742,489.5,487.2836
2024-12-11,train,69355.99,67817.0969,1.0,0.9682,478.32,478.3933
2024-12-12,train,62190.37,61774.9679,1.0,0.9726,428.9,428.2079
2024-12-13,train,52620.89,55897.1598,0.8194,0.8691,445.94,459.4639
2024-12-14,train,67838.36,66419.7786,0.9859,0.969,484.56,478.0232
2024-12-15,train,30827.65,30155.1499,0.844,0.8295,259.06,262.2343
2024-12-16,train,22642.8,23591.331,0.7305,0.7413,219.83,224.1653
2024-12-17,train,16340.08,16514.6452,0.6056,0.608,190.0,194.3536
2024-12-18,train,15351.05,16269.8745,0.5694,0.5935,187.21,191.9625
2024-12-19,train,15242.170000000002,15879.0743,0.6138,0.6047,171.26,192.3699
2024-12-20,train,24075.54,24341.067,0.5274,0.5756,312.67,313.4122
2024-12-21,train,40061.21,41171.3323,0.8333,0.8271,333.84,353.5531
2024-12-22,train,21956.91,22068.6792,0.7914,0.7754,199.61,203.6124
2024-12-23,train,15614.94,15679.5792,0.6273,0.6232,226.3,228.5233
2024-12-24,train,19116.43,19639.8633,0.5827,0.6056,236.01,243.9184
2024-12-25,train,16041.81,16911.2347,0.4783,0.534,243.06,236.5039
2024-12-26,train,19499.23,21544.0906,0.5362,0.5956,263.5,265.8016
2024-12-27,train,26165.99,27016.9994,0.5324,0.5828,353.59,349.1079
2024-12-28,train,39015.05,42245.1269,0.7482,0.8205,375.14,379.0383
2024-12-29,train,32404.66,33345.1796,0.8116,0.8367,289.33,290.9285
2024-12-30,train,40427.29,40943.7061,0.9197,0.9192,320.85,325.8177
2024-12-31,train,65799.36,67790.8297,0.9861,0.9478,463.38,471.0248
2025-01-01,train,22109.48,22774.8716,0.7113,0.7526,218.91,218.0586
2025-01-02,train,16683.93,18042.7903,0.741,0.7741,161.98,168.7384
2025-01-03,train,22452.24,21971.0964,0.9752,0.9003,190.27,190.9152
2025-01-04,train,20361.5,20560.016,0.8976,0.8642,178.61,177.7978
2025-01-05,train,9452.03,11302.4086,0.5496,0.5582,131.28,145.2669
2025-01-06,train,10343.66,11145.2899,0.5496,0.5586,143.66,150.6494
2025-01-07,train,10030.11,10761.8722,0.5197,0.5465,151.97,163.474
2025-01-08,train,12454.98,12044.4128,0.5635,0.5525,175.42,171.8993
2025-01-09,train,11636.19,12464.0639,0.5556,0.5818,155.15,156.6066
2025-01-10,train,20771.34,19976.4044,0.6547,0.6395,228.26,226.566
2025-01-11,train,25719.74,26344.1747,0.7746,0.7647,233.82,236.5943
2025-01-12,train,13761.54,14788.3989,0.6713,0.6853,143.35,154.4485
2025-01-13,train,18543.93,18880.2154,0.8485,0.8683,165.57,170.1465
2025-01-14,train,19997.5,19715.8926,0.8112,0.7972,172.39,174.0899
2025-01-15,train,20319.45,19827.8604,0.8194,0.8122,172.2,171.9982
2025-01-16,train,18550.57,18927.8581,0.7778,0.8016,165.63,169.2017
2025-01-17,train,30182.1,31404.1296,0.7292,0.7815,287.45,284.5599
2025-01-18,train,50436.990000000005,49229.3604,0.9793,0.9469,355.19,353.4779
2025-01-19,train,21330.64,22352.0674,0.922,0.9182,164.08,164.7421
2025-01-20,train,15256.83,15429.0773,0.7969,0.8142,149.58,154.8849
2025-01-21,train,14192.6,15297.2429,0.6458,0.6743,152.61,154.9277
2025-01-22,train,18536.42,18208.6539,0.7887,0.7861,165.5,165.85
2025-01-23,train,19009.34,19887.0471,0.8182,0.8215,162.47,165.1034
2025-01-24,train,32299.11,31717.6235,0.8309,0.8339,285.83,282.6266
2025-01-25,train,37407.86,36049.0469,0.9375,0.8828,277.1,278.583
2025-01-26,train,14510.52,15265.8671,0.7388,0.7146,146.57,150.425
2025-01-27,train,16760.92,16575.5749,0.7762,0.7753,151.0,152.8858
2025-01-28,train,21876.35,21223.4173,0.9241,0.8766,163.26,165.1706
2025-01-29,train,19960.12,19728.6158,0.8462,0.8135,164.96,167.9545
2025-01-30,train,15633.65,15558.398,0.7674,0.7589,157.92,158.3345
2025-01-31,train,24883.7,25089.4426,0.7655,0.8026,224.18,226.5271
2025-02-01,train,35727.98,35255.2349,0.993,0.9535,253.39,252.4706
2025-02-02,train,12935.84,14214.1644,0.7258,0.7731,143.73,152.8849
2025-02-03,train,18016.28,19881.3892,0.8264,0.8475,151.4,155.9142
2025-02-04,train,23430.96,23393.2133,0.8811,0.8849,185.96,188.0632
2025-02-05,train,21667.6,21825.5956,0.8403,0.8397,179.07,177.9946
2025-02-06,train,18554.12,19551.1878,0.8252,0.8244,157.24,161.6473
2025-02-07,train,28597.1,29020.3688,0.8322,0.8349,240.31,243.9713
2025-02-08,train,34799.02,33897.9778,0.9021,0.8939,269.76,268.1755
2025-02-09,train,20670.55,21330.1424,0.9028,0.8849,159.0,160.641
2025-02-10,train,19919.1,20244.0482,0.8156,0.8223,173.21,176.2119
2025-02-11,train,21663.75,22514.5245,0.8472,0.8615,177.57,178.4747
2025-02-12,train,15342.61,15950.1274,0.5944,0.6782,180.5,177.2905
2025-02-13,train,20337.38,20334.1994,0.7692,0.792,184.89,182.4457
2025-02-14,train,48785.08,49175.7124,0.9448,0.9522,356.1,360.8466
2025-02-15,train,50383.46,49765.2719,0.9296,0.9378,381.69,374.876
2025-02-16,train,20707.43,20845.1546,0.8058,0.8076,184.89,188.4709
2025-02-17,train,13743.3,14984.0814,0.6642,0.7029,154.42,159.3783
2025-02-18,train,18630.79,19644.3196,0.7569,0.7805,170.92,173.1644
2025-02-19,train,24637.31,25045.8208,0.9517,0.955,178.53,182.0459
2025-02-20,train,26067.63,25749.2341,0.9586,0.9463,187.54,191.086
2025-02-21,train,31844.23,31786.3482,0.8741,0.8634,254.75,255.157
2025-02-22,train,30275.76,30517.1282,0.7862,0.7929,265.58,263.6384
2025-02-23,train,16032.82,16511.807,0.662,0.6845,170.56,173.5795
2025-02-24,train,29018.31,28162.1218,0.9931,0.9596,202.93,202.6309
2025-02-25,train,33483.3,32981.7926,0.9862,0.9524,234.15,236.131
2025-02-26,train,33528.5,32477.2341,0.9862,0.9504,234.47,234.4327
2025-02-27,train,17048.61,18593.8918,0.6434,0.6936,185.31,185.3092
2025-02-28,train,32123.32,33019.6814,0.8671,0.8919,259.06,261.8739
2025-03-01,train,42021.54,41959.0347,0.8592,0.859,344.44,343.6007
2025-03-02,train,19339.03,20374.6574,0.7917,0.8323,169.64,171.8139
2025-03-03,train,28040.26,28262.6917,0.9241,0.9349,209.26,204.8426
2025-03-04,train,28883.9,28687.8021,0.9586,0.9425,207.8,210.1152
2025-03-05,train,17191.5,17520.2256,0.5986,0.636,202.25,203.1079
2025-03-06,train,17503.47,18023.4682,0.5972,0.631,203.53,206.2827
2025-03-07,train,23812.35,24735.6181,0.6966,0.7343,235.77,239.3285
2025-03-08,train,31580.24,32512.897,0.7724,0.8123,281.97,279.4844
2025-03-09,train,15741.28,16074.4947,0.6549,0.6484,169.26,168.2093
2025-03-10,train,16089.39,16764.0241,0.5517,0.5802,201.12,202.6728
2025-03-11,train,21619.65,21083.5877,0.7153,0.7119,209.9,207.8003
2025-03-12,train,19022.94,18515.6888,0.6319,0.6281,209.04,211.6747
2025-03-13,train,20680.51,20864.0372,0.625,0.6558,229.78,229.4536
2025-03-14,train,40669.11,38792.8551,0.7746,0.7904,369.72,358.5657
2025-03-15,train,43721.06,43120.6702,0.8014,0.8009,386.91,376.4851
2025-03-16,train,15224.43,16299.8105,0.6042,0.6354,174.99,179.6646
2025-03-17,train,17072.13,17826.9379,0.562,0.5789,221.72,222.1536
2025-03-18,train,26315.48,26465.1217,0.8392,0.8246,219.3,226.0743
2025-03-19,train,29401.35,28443.138,0.9155,0.8918,226.16,227.3378
2025-03-20,train,31469.7,31278.6954,0.972,0.9601,226.4,226.975
2025-03-21,train,46517.23,46736.2686,0.8462,0.8731,384.44,378.0841
2025-03-22,train,52402.49,50477.6525,0.9155,0.927,403.1,397.752
2025-03-23,train,23373.75,24395.5506,0.8921,0.9015,188.5,196.1035
2025-03-24,train,24692.95,26034.2312,0.7246,0.7855,246.93,240.8825
2025-03-25,train,27153.24,27395.9429,0.7413,0.7647,256.16,251.0501
2025-03-26,train,26463.27,26239.7596,0.7448,0.7491,245.03,244.0549
2025-03-27,train,27538.32,28313.8441,0.7517,0.766,252.65,251.7009
2025-03-28,train,42316.43,41053.123,0.7862,0.8154,371.2,360.1225
2025-03-29,train,45207.18,44107.3886,0.8601,0.8646,367.54,358.2332
2025-03-30,train,24645.82,24909.45,0.9028,0.9048,189.58,193.6851
2025-03-31,train,18495.06,19114.5285,0.6972,0.6838,186.82,195.1966
2025-04-01,train,27345.4,26983.1025,0.6806,0.684,279.03,280.2988
2025-04-02,train,27761.85,27191.5586,0.6923,0.6535,280.42,283.5584
2025-04-03,train,27943.97,27756.8922,0.6897,0.6944,279.44,277.0552
2025-04-04,train,39328.91,40705.5629,0.6831,0.7094,405.45,395.9702
2025-04-05,train,44382.67,43201.7439,0.7431,0.7568,414.79,411.0006
2025-04-06,train,24820.91,23394.1747,0.6738,0.6863,261.27,242.9361
2025-04-07,train,25356.77,26072.2254,0.7113,0.715,251.06,252.8134
2025-04-08,train,27834.2,26418.0622,0.7746,0.7447,253.04,253.3909
2025-04-09,train,31070.22,29752.1313,0.7862,0.7596,272.55,271.5831
2025-04-10,train,41012.8,39333.8371,0.9724,0.9294,290.87,289.3509
2025-04-11,train,55241.83,53371.5985,0.9379,0.9406,406.19,404.5692
2025-04-12,train,50960.24,52018.0112,0.8392,0.8818,424.67,413.5109
2025-04-13,train,23829.64,25373.3168,0.8156,0.8361,207.21,207.0721
2025-04-14,train,23094.79,24643.8333,0.8088,0.8366,209.95,212.2462
2025-04-15,train,28791.05,29812.4858,0.9237,0.9123,237.94,241.4448
2025-04-16,train,37893.13,37454.3078,0.9241,0.8921,282.78,282.9663
2025-04-17,train,38878.37,39714.0819,0.9172,0.9216,292.32,294.2367
2025-04-18,train,49372.79,48539.0506,0.8643,0.8593,408.04,410.0807
2025-04-19,train,50742.92,50192.8916,0.8768,0.8502,419.36,421.2195
2025-04-20,train,20967.67,22886.7185,0.8087,0.7899,225.46,231.8418
2025-04-21,train,20670.86,20675.0649,0.7007,0.6986,215.32,220.8223
2025-04-22,train,26698.61,27578.349,0.7737,0.7783,251.87,254.9552
2025-04-23,train,36143.16,36077.7438,1.0,0.9669,258.17,263.2375
2025-04-24,train,38448.32,38688.3295,1.0,0.9729,268.87,274.5406
2025-04-25,train,61256.4,62543.0215,0.8552,0.8624,494.0,487.7551
2025-04-26,train,79240.42,79757.6981,1.0,0.9636,558.03,577.5666
2025-04-27,train,37915.17,37907.8291,0.9857,0.9834,274.75,275.5479
2025-04-28,train,31481.21,31204.6884,0.8676,0.871,266.79,266.975
2025-04-29,train,41712.08,41759.4507,1.0,0.9781,297.94,300.404
2025-04-30,train,42840.69,42929.1996,0.9928,0.9791,310.44,311.815
2025-05-01,train,49983.5,49036.941,0.9931,0.9806,349.53,344.2956
2025-05-02,train,61750.15,62147.8648,0.8958,0.9261,478.68,476.3973
2025-05-03,train,73359.03,73949.4966,0.9655,0.9682,523.99,525.2807
2025-05-04,train,35865.11,35475.1313,0.979,0.9623,256.18,260.1073
2025-05-05,train,50896.54,50575.6346,1.0,0.9859,355.92,354.6846
2025-05-06,train,51511.94,51458.3951,0.9658,0.9535,365.33,362.4011
2025-05-07,train,49770.53,49364.0518,0.9864,0.9776,343.25,342.026
2025-05-08,train,48627.86,47798.1053,0.9932,0.9689,333.07,334.4701
2025-05-09,train,59340.88,59747.4483,0.9375,0.9517,439.56,439.9568
2025-05-10,train,62725.33,63575.7483,0.9241,0.9486,468.1,467.118
2025-05-11,train,26191.33,27408.8711,0.913,0.9268,207.87,211.0393
2025-05-12,train,43038.12,44481.6246,0.9448,0.9433,314.15,316.4022
2025-05-13,train,62261.25,62603.1106,0.972,0.9587,447.92,452.3389
2025-05-14,train,65408.98,64557.5089,0.9728,0.9601,457.41,456.9257
2025-05-15,train,55676.03,55346.7726,0.8707,0.9315,434.97,421.1217
2025-05-16,train,78827.85,81394.8666,0.9184,0.9441,583.91,588.7975
2025-05-17,train,94041.42,88358.4099,0.9932,0.9654,648.56,618.7535
2025-05-18,train,36036.22,35816.5966,0.9726,0.9562,253.78,260.6118
2025-05-19,train,49488.17,48425.1691,0.9864,0.9721,341.3,341.1404
2025-05-20,train,51971.51,51838.4038,0.9932,0.968,358.42,361.6934
2025-05-21,train,49808.32,51006.6839,0.9726,0.9654,350.76,353.6907
2025-05-22,train,39928.54,42134.7255,0.8621,0.8986,319.43,321.0684
2025-05-23,train,57388.33,58281.5107,0.8966,0.9334,441.45,441.7867
2025-05-24,train,68980.95,70219.3246,0.9795,0.9595,482.38,492.2139
2025-05-25,train,42593.54,42797.3265,0.9864,0.9642,293.75,297.6521
2025-05-26,train,23489.98,24176.5432,0.8169,0.815,202.5,204.2792
2025-05-27,train,22818.77,23391.4412,0.7376,0.7699,219.41,208.568
2025-05-28,train,30321.38,30389.2508,0.8462,0.8325,250.59,254.8762
2025-05-29,train,36110.94,35508.6532,0.9214,0.9173,279.93,276.7372
2025-05-30,train,52781.69,53117.5129,0.8768,0.8878,436.21,434.8102
2025-05-31,train,65963.94,64741.2013,1.0,0.9794,467.83,473.1659
2025-06-01,train,34155.31,33841.4544,0.9787,0.9445,247.5,250.3204
2025-06-02,train,32819.6,32988.4147,0.9357,0.9085,250.53,257.2279
2025-06-03,train,44935.25,45211.8101,0.9931,0.9857,312.05,312.4147
2025-06-04,train,46567.69,46247.0019,1.0,0.988,316.79,319.8213
2025-06-05,train,46638.59,47213.9887,0.9792,0.9769,330.77,334.9748
2025-06-06,train,78675.41,77686.2173,0.9932,0.9652,542.59,539.8522
2025-06-07,train,79576.86,78328.6286,0.9932,0.9703,548.81,548.4565
2025-06-08,train,40375.55,40456.4148,0.9586,0.9673,290.47,290.2704
2025-06-09,train,42964.880000000005,42490.1291,1.0,0.9809,294.28,294.0732
2025-06-10,train,45246.22,45317.9996,1.0,0.974,307.8,312.9489
2025-06-11,train,47119.37,46772.6923,1.0,0.9813,320.54,321.1311
2025-06-12,train,46828.48,46398.8896,1.0,0.973,318.56,319.6072
2025-06-13,train,58140.64,59511.7974,0.8552,0.8812,468.88,460.5511
2025-06-14,train,65866.85,66488.6538,0.9247,0.9348,487.9,488.3014
2025-06-15,train,24815.94,25027.3153,0.8686,0.8681,208.54,203.9576
2025-06-16,train,29363.92,29859.5275,0.8662,0.9085,238.73,236.392
2025-06-17,train,33357.61,33293.6876,0.9048,0.9033,250.81,254.5394
2025-06-18,train,36009.54,37276.6259,0.9306,0.9368,268.73,271.9659
2025-06-19,train,44000.63,43978.3883,0.9861,0.963,309.86,310.811
2025-06-20,train,77024.96,76353.6575,0.9793,0.9681,542.43,539.7726
2025-06-21,train,78955.67,78337.5116,0.9728,0.9665,552.14,547.7282
2025-06-22,train,33884.61,33927.1489,0.9862,0.9751,236.96,243.27
2025-06-23,train,38256.54,38848.1519,0.9097,0.9368,292.03,290.7229
2025-06-24,train,48018.56,46872.3867,1.0,0.9842,331.16,333.3491
2025-06-25,train,44812.36,45014.3421,0.9932,0.9808,309.05,312.0058
2025-06-26,train,44021.02,43620.4182,0.9863,0.9712,305.7,307.7768
2025-06-27,train,67324.26,65482.7021,0.9586,0.9204,484.35,474.4158
2025-06-28,train,69038.06,67256.7697,0.9931,0.9715,479.43,477.413
2025-06-29,train,38284.29,33877.8601,0.8551,0.8523,324.44,272.4082
2025-06-30,train,10418.05,16228.5387,0.6569,0.6513,115.76,183.4327
2025-07-01,train,19863.0,19542.5548,0.5839,0.5883,248.29,248.2722
2025-07-02,train,19327.66,19279.7633,0.5839,0.6228,241.6,235.4218
2025-07-03,train,31891.81,33801.7137,0.8489,0.8811,270.27,272.0829
2025-07-04,train,59732.4,58768.578,0.9928,0.9648,432.84,434.3499
2025-07-05,train,47997.43,48995.8039,0.7986,0.8192,432.41,429.9571
2025-07-06,train,22520.07,23509.2648,0.8321,0.847,206.61,210.1453
2025-07-07,train,27420.52,26146.5615,0.7536,0.7011,263.66,262.8869
2025-07-08,train,33320.91,33416.637,0.8156,0.8085,289.75,289.9158
2025-07-09,train,32339.39,32548.5908,0.8,0.8174,288.74,288.4783
2025-07-10,train,33171.63,32947.4072,0.8056,0.813,285.96,283.4734
2025-07-11,train,52156.56,49738.601,0.986,0.932,369.9,370.4478
2025-07-12,train,56317.82,56012.1076,0.9931,0.9665,391.1,396.4286
2025-07-13,train,30954.19,32089.6418,0.9714,0.9711,227.6,232.7561
2025-07-14,train,33328.49,33769.3004,0.9565,0.9676,252.49,252.285
2025-07-15,train,39165.3,38457.6183,0.9862,0.9656,273.88,274.6504
2025-07-16,train,38618.39,38254.3322,0.9655,0.9685,275.85,274.8245
2025-07-17,train,33490.07,33624.0116,0.9353,0.9588,257.62,257.2844
2025-07-18,train,55003.41,54550.3677,0.9857,0.964,398.58,396.6806
2025-07-19,train,65443.96,64896.1914,0.9931,0.9813,454.47,451.9177
2025-07-20,train,30309.44,30907.4797,0.9203,0.9134,238.66,241.6484
2025-07-21,train,28899.14,28968.1634,0.8227,0.8233,249.13,245.6906
2025-07-22,train,41397.79,40408.9349,0.972,0.9727,297.83,296.1262
2025-07-23,train,36403.63,35921.1136,0.8489,0.8341,308.51,303.5152
2025-07-24,train,28930.54,29083.0252,0.8643,0.8352,239.1,243.5178
2025-07-25,train,52434.55,52742.5258,0.9792,0.9634,371.88,373.3739
2025-07-26,train,57624.3,56652.294,0.986,0.9811,408.68,406.2449
2025-07-27,train,29603.59,28623.736,1.0,0.9566,214.52,219.7331
2025-07-28,train,29924.5,29457.1851,0.9927,0.9595,220.03,221.8141
2025-07-29,train,31312.69,31691.8069,0.9197,0.9219,248.51,249.4754
2025-07-30,train,32947.15,32296.6504,0.9853,0.9462,245.87,248.1403
2025-07-31,train,32801.59,31719.2007,0.9389,0.9097,266.68,261.7601
2025-08-01,train,46032.85,45810.7466,0.9416,0.9095,356.84,359.2669
2025-08-02,train,53136.83,53462.6629,0.9779,0.9485,399.53,399.5661
2025-08-03,train,28577.38,28600.5093,0.9925,0.9512,216.5,221.8684
2025-08-04,train,27590.76,26859.7586,0.8705,0.8381,228.02,230.3318
2025-08-05,train,29304.64,29129.5884,0.8322,0.831,246.26,246.2182
2025-08-06,train,25542.7,26032.0828,0.7902,0.8049,226.04,230.979
2025-08-07,train,25605.8,27501.9104,0.7465,0.813,241.56,243.0721
2025-08-08,train,53681.23,54224.9892,0.8819,0.8995,422.69,416.2321
2025-08-09,train,64027.75,62973.7158,0.9931,0.9671,447.75,444.6357
2025-08-10,train,28344.33,28418.6506,0.9688,0.9531,228.58,226.0987
2025-08-11,train,25226.88,25856.8736,0.8042,0.8185,219.36,222.2452
2025-08-12,train,28051.59,28192.8988,0.8542,0.8583,228.06,227.9333
2025-08-13,train,26739.34,27462.7032,0.8601,0.8543,217.39,225.5095
2025-08-14,train,30181.45,31371.1706,0.7343,0.7711,287.44,284.8635
2025-08-15,train,52009.72,52905.5339,0.9301,0.9486,391.05,390.7812
2025-08-16,train,55838.59,56165.0003,0.9645,0.9625,410.58,415.3
2025-08-17,train,26294.65,26834.846,0.9206,0.9107,226.68,230.4896
2025-08-18,train,21729.47,22192.7888,0.694,0.7221,233.65,232.6725
2025-08-19,train,30603.14,30651.8111,0.913,0.892,242.88,242.4667
2025-08-20,train,36218.89,36760.8471,0.9091,0.9254,278.61,275.4256
2025-08-21,train,40219.98,39920.1448,0.979,0.9726,287.29,286.0994
2025-08-22,train,64008.05,62139.7837,0.993,0.9759,453.96,444.0624
2025-08-23,train,70941.25,68177.6892,0.9931,0.9741,492.65,481.5367
2025-08-24,train,34157.44,34208.3444,0.9793,0.9643,240.55,242.4322
2025-08-25,train,40278.47,39574.3508,0.9862,0.9624,281.67,281.1335
2025-08-26,train,30372.63,29723.3579,0.8414,0.8237,248.96,250.6648
2025-08-27,train,37358.6,36948.6931,0.9514,0.9604,272.69,273.0989
2025-08-28,train,39943.48,39521.5551,0.9724,0.9689,283.29,282.891
2025-08-29,train,72686.32,74021.2438,0.9932,0.9685,501.28,504.0651
2025-08-30,train,79685.87,79331.4408,1.0,0.9742,549.56,552.3396
2025-08-31,train,49975.4,49005.8912,1.0,0.9851,342.3,338.22
2025-09-01,train,33840.67,34770.7417,0.9034,0.941,258.33,261.0135
2025-09-02,train,39622.62,39220.7846,0.9517,0.9472,287.12,286.8605
2025-09-03,train,45414.11,44574.3903,0.9863,0.9801,315.38,312.4357
2025-09-04,train,52237.98,52306.0295,1.0,0.9776,357.79,353.2702
2025-09-05,train,71809.03,70554.4856,0.9658,0.9685,509.28,506.1041
2025-09-06,train,80382.76,76727.0532,0.9932,0.9739,554.36,544.9506
2025-09-07,train,40152.79,39564.4746,0.9929,0.9609,286.81,291.315
2025-09-08,train,55075.61,53456.192,0.9929,0.9668,396.23,396.3537
2025-09-09,train,60889.34,59487.3085,1.0,0.9789,425.8,421.2568
2025-09-10,train,52591.14,53704.9395,0.9231,0.9318,398.42,401.951
2025-09-11,train,47689.09,48504.9469,0.7958,0.8165,422.03,419.1018
2025-09-12,train,69990.37000000001,72046.6838,0.8662,0.8751,569.03,567.2918
2025-09-13,train,82617.45,82862.2395,0.931,0.9574,611.98,608.1715
2025-09-14,train,43511.02,43203.0575,0.951,0.926,319.93,319.5877
2025-09-15,train,70381.31,66597.945,0.9861,0.9406,495.64,488.5956
2025-09-16,train,72570.31999999999,71477.6172,0.9931,0.9531,507.48,512.6775
2025-09-17,train,67321.81999999999,69034.9238,0.9291,0.9194,513.91,516.9837
2025-09-18,train,63056.49,64276.6367,0.8699,0.909,496.51,491.1825
2025-09-19,train,74039.37,75602.9851,0.9315,0.9384,544.41,559.4101
2025-09-20,train,78891.74,82600.6166,0.8767,0.9169,616.34,617.3657
2025-09-21,train,47534.61,47617.6914,0.9444,0.936,349.52,345.495
2025-09-22,train,70817.39,71766.7167,0.9247,0.9331,524.57,524.1753
2025-09-23,train,84113.53,84183.0122,0.9862,0.9692,588.21,589.3918
2025-09-24,train,85231.88,87240.0747,0.9932,0.9683,587.81,610.9659
2025-09-25,train,88798.05,87502.5092,0.9932,0.9655,612.4,606.0121
2025-09-26,train,110516.14,88553.6361,0.9795,0.9548,772.84,629.4067
2025-09-27,train,112580.55,89662.5779,0.9795,0.9617,787.28,631.2576
2025-09-28,train,37226.39,41360.3972,0.766,0.8731,344.69,342.089
2025-09-29,train,35316.21,37138.641,0.7899,0.8339,324.0,328.2347
2025-09-30,train,37019.37,37962.5353,0.7857,0.8332,336.54,341.3697
2025-10-01,train,41498.21,42719.8557,0.9118,0.916,334.66,345.9106
2025-10-02,train,48869.66,53637.0692,0.9568,0.9426,367.44,364.4542
2025-10-03,train,75614.2,75833.1997,0.9789,0.9508,543.99,544.7045
2025-10-04,train,84023.72,84306.0626,0.9932,0.9637,579.47,591.188
2025-10-05,train,37462.6,36865.2007,0.9028,0.8712,288.17,299.5468
2025-10-06,train,62368.56,61740.5197,0.9514,0.9641,455.24,436.0126
2025-10-07,train,70485.37,65323.6188,1.0,0.9706,482.78,463.5204
2025-10-08,train,69779.05,65017.9965,1.0,0.9662,477.94,461.8081
2025-10-09,train,58375.9,57271.0774,0.9724,0.9622,414.01,409.9417
2025-10-10,train,82879.19,78823.874,1.0,0.9554,571.58,559.2328
2025-10-11,train,87348.22,85449.829,1.0,0.9615,598.28,605.849
2025-10-12,train,49637.87,46938.584,0.9863,0.9713,344.71,336.5488
2025-10-13,train,51922.16,55101.5357,0.8828,0.9251,405.64,407.2994
2025-10-14,train,68136.55,70868.3651,0.9589,0.9562,486.69,495.2618
2025-10-15,train,73453.74,70046.5137,1.0,0.9723,503.11,490.4943
2025-10-16,train,54942.1,60839.7487,0.8194,0.9096,465.61,466.5079
2025-10-17,train,71674.09,82971.8197,0.8621,0.9363,573.39,606.0734
2025-10-18,train,85953.48,83547.4812,0.9241,0.9661,641.44,613.0693
2025-10-19,train,30969.1,34347.5223,0.8333,0.8586,258.08,270.3328
2025-10-20,train,37382.15,39994.7481,0.7862,0.8643,327.91,333.3901
2025-10-21,train,61031.2,58603.7152,1.0,0.9693,418.02,413.5826
2025-10-22,train,59278.9,57393.9092,0.9863,0.9717,411.66,408.7855
2025-10-23,train,49881.43,52695.3343,0.8207,0.8984,419.17,420.554
2025-10-24,train,74939.01,74652.09,0.9589,0.9589,535.28,542.8839
2025-10-25,train,82655.85,83489.329,0.9795,0.9614,578.01,597.4522
2025-10-26,train,25911.95,25655.3156,0.7669,0.7729,254.04,262.6237
2025-10-27,train,44665.29,45619.5491,0.9722,0.9691,319.04,324.2608
2025-10-28,train,50744.61,53080.0161,0.9931,0.9536,352.39,359.397
2025-10-29,train,48838.49,47582.6547,1.0,0.9613,339.16,343.8073
2025-10-30,train,47817.92,47135.6986,0.9858,0.9406,344.01,358.9899
2025-10-31,train,72616.13,75274.7304,1.0,0.9475,504.28,521.5388
2025-11-01,test,95784.59,86666.6667,1.0,0.9582,660.58,607.0829
2025-11-02,test,39035.8,40614.4311,0.9861,0.9167,274.9,298.6589
2025-11-03,test,48433.22,49419.2599,0.9929,0.943,348.44,352.4147
2025-11-04,test,51093.17,51295.1779,0.9858,0.938,367.58,380.969
2025-11-05,test,52216.41,50561.157,1.0,0.9604,367.72,363.8799
2025-11-06,test,54799.93,52020.1833,1.0,0.947,380.56,378.1272
2025-11-07,test,71612.68000000001,74547.9903,0.9514,0.9515,522.72,529.4588
2025-11-08,test,78252.45,79412.4369,1.0,0.9597,543.42,557.9593
2025-11-09,test,31547.66,32536.3238,0.9357,0.8805,240.82,263.7229
2025-11-10,test,29229.78,31489.0999,0.7842,0.811,268.16,271.1968
2025-11-11,test,36603.35,38723.8952,0.8873,0.8862,290.5,300.907
2025-11-12,test,45562.54,46725.588,0.9789,0.9423,327.79,337.5164
2025-11-13,test,38741.23,40396.729,0.8913,0.8596,314.97,325.8695
2025-11-14,test,59271.87,56360.9998,0.9281,0.8651,459.47,454.9061
2025-11-15,test,66333.85,72717.8697,0.9371,0.9235,495.03,511.1801
2025-11-16,test,24202.9,25448.6958,0.8284,0.8257,218.04,226.4499
2025-11-17,test,32053.84,29657.562,0.8235,0.8046,286.2,285.2514
2025-11-18,test,41336.32,39570.5779,0.986,0.9101,293.17,304.5468
2025-11-19,test,41584.560000000005,42912.193,0.9577,0.9388,305.77,312.2278
2025-11-20,test,36213.68,38515.6244,0.9097,0.9281,276.44,289.4699
2025-11-21,test,45403.74,49613.7372,0.8849,0.8902,369.14,379.8345
2025-11-22,test,56017.3,56988.3987,0.9583,0.9435,405.92,419.8536
2025-11-23,test,20832.81,22367.4027,0.7376,0.8058,200.32,198.456
2025-11-24,test,16156.79,16920.3303,0.6043,0.718,192.34,180.5972
2025-11-25,test,15614.25,15838.8882,0.5704,0.6313,192.77,187.3133
2025-11-26,test,19028.18,20604.0046,0.5804,0.714,229.26,225.082
2025-11-27,test,26069.63,31361.4883,0.6294,0.785,289.66,280.3411
2025-11-28,test,36173.64,42391.469,0.8369,0.8997,306.56,329.2473
2025-11-29,test,28275.65,26071.8608,0.7174,0.7076,285.61,284.7173
2025-11-30,test,15844.63,16860.4929,0.6269,0.6447,188.63,212.2272
2025-12-01,test,22548.96,25593.128,0.6014,0.6433,271.67,286.2165
2025-12-02,test,47023.62,47252.7664,0.8478,0.8816,401.91,395.7208
2025-12-03,test,67194.93000000001,70067.0794,0.9852,0.9695,505.23,488.5108
2025-12-04,test,67300.99,70527.6525,0.9097,0.967,513.75,491.31
2025-12-05,test,89016.76000000001,83904.175,1.0,0.9653,622.49,583.4965
2025-12-06,test,79690.71,83351.0874,0.9366,0.9609,599.18,586.998
2025-12-07,test,36566.08,40261.2362,0.806,0.9048,338.57,339.8114
2025-12-08,test,55263.53,58557.4197,0.9286,0.9623,425.1,428.7665
2025-12-09,test,78829.98,78878.7955,0.9931,0.9687,547.43,572.1391
2025-12-10,test,80040.82,77797.4322,1.0,0.9678,552.01,545.8494
2025-12-11,test,71277.63,73403.5451,0.9931,0.9612,498.44,500.5283
2025-12-12,test,77405.76,80966.0003,0.9648,0.9548,565.01,576.1355
2025-12-13,test,79336.83,83833.8199,0.993,0.9588,558.71,587.037
2025-12-14,test,23968.65,29596.5949,0.8045,0.8923,224.01,255.1144
2025-12-15,test,29790.93,31147.7706,0.8102,0.8222,268.39,267.2991
2025-12-16,test,31899.6,29676.1524,0.8417,0.7858,272.65,271.1439
2025-12-17,test,27499.72,26657.3978,0.7676,0.7544,252.29,258.0687
2025-12-18,test,26495.92,29112.154,0.7222,0.782,254.77,259.9755
2025-12-19,test,44236.24,48643.7433,0.9167,0.9385,335.12,360.015
2025-12-20,test,53657.77,53505.1748,1.0,0.9423,372.62,397.1372
2025-12-21,test,21453.88,24620.7769,0.9767,0.9498,170.27,187.7866
2025-12-22,test,17046.719999999998,21615.8766,0.7101,0.7878,173.95,194.6803
2025-12-23,test,17301.789999999997,23258.9961,0.6828,0.8147,174.77,204.0204
2025-12-24,test,19672.08,27363.7237,0.7063,0.8746,194.77,213.2326
2025-12-25,test,25455.56,31189.1521,0.8182,0.9041,217.57,243.6807
2025-12-26,test,39509.37,44844.9667,0.8857,0.9296,318.62,341.0825
2025-12-27,test,42781.79,52352.5171,0.8239,0.942,365.66,378.8491
2025-12-28,test,35272.18,38107.8362,0.9209,0.9436,275.56,285.5004
2025-12-29,test,28623.88,33389.9139,0.7698,0.8294,267.51,283.9636
2025-12-30,test,32613.19,37741.1231,0.7203,0.8141,316.63,329.9305
2025-12-31,test,68364.42,66998.4509,0.9586,0.9635,491.83,481.038
