business_date,split,actual_revenue,predicted_revenue,actual_occupancy,predicted_occupancy,actual_adr,predicted_adr,actual_revpar,predicted_revpar
2024-01-01,train,17535.649999999998,14920.6587,0.6102,0.5489,243.55,231.0517,148.61,129.3506
2024-01-02,train,8968.3,12799.1377,0.4182,0.5082,194.96,205.218,81.53,113.9917
2024-01-03,train,9069.37,9833.5801,0.4706,0.4954,161.95,164.5285,76.21,93.1404
2024-01-04,train,11145.38,11819.1149,0.5246,0.5736,174.15,178.7697,91.36,103.4788
2024-01-05,train,14944.68,14404.8272,0.7391,0.6801,175.82,181.2135,129.95,119.7239
2024-01-06,train,14423.5,14308.582,0.6818,0.6814,192.31,197.6859,131.12,126.6823
2024-01-07,train,6955.31,9798.5423,0.3894,0.5149,158.08,164.1397,61.55,84.4761
2024-01-08,train,9447.65,10866.5972,0.4786,0.5538,168.71,174.4376,80.75,94.1063
2024-01-09,train,11503.89,11614.9983,0.5641,0.5703,174.3,180.7758,98.32,101.5262
2024-01-10,train,11928.89,12190.4083,0.6701,0.6974,183.52,187.8329,122.98,126.7793
2024-01-11,train,11872.26,12413.2484,0.5877,0.5947,177.2,177.1908,104.14,107.2803
2024-01-12,train,21201.78,20757.9186,0.8761,0.8478,214.16,214.4797,187.63,180.8172
2024-01-13,train,28366.48,28665.924,1.0,0.9132,242.45,250.2982,242.45,241.8821
2024-01-14,train,16065.47,16412.5536,0.9423,0.9102,163.93,171.8918,154.48,153.6654
2024-01-15,train,14233.73,15747.1722,0.8977,0.9434,180.17,185.6255,161.75,166.0512
2024-01-16,train,14013.78,14549.4094,0.7857,0.7849,182.0,185.784,143.0,147.0351
2024-01-17,train,11928.49,12026.0488,0.7553,0.7585,168.01,169.1853,126.9,134.6291
2024-01-18,train,12748.37,13102.4922,0.6667,0.7088,167.74,171.266,111.83,119.3855
2024-01-19,train,21616.14,21203.9751,0.9565,0.9245,196.51,200.862,187.97,192.3242
2024-01-20,train,23350.82,23239.3905,1.0,0.95,199.58,203.2372,199.58,190.674
2024-01-21,train,11559.68,11599.4917,0.9231,0.8404,160.55,164.5613,148.2,142.4461
2024-01-22,train,12422.03,12430.4047,1.0,0.8846,163.45,168.5499,163.45,155.4177
2024-01-23,train,13232.37,12857.3038,0.977,0.8777,155.67,165.1996,152.1,143.9928
2024-01-24,train,14110.79,14532.7867,0.9884,0.9379,166.01,174.8453,164.08,164.3499
2024-01-25,train,15829.51,16030.4,0.9655,0.9889,188.45,189.1943,181.95,181.7202
2024-01-26,train,21768.62,22045.7946,0.9886,0.9972,250.21,248.7519,247.37,238.5703
2024-01-27,train,23484.36,22952.9158,0.9886,0.9858,269.94,261.229,266.87,249.9283
2024-01-28,train,7896.98,9802.5227,0.6575,0.7136,164.52,163.3687,108.18,126.9581
2024-01-29,train,7944.86,10045.7275,0.5714,0.7065,165.52,168.7203,94.58,115.0817
2024-01-30,train,9604.95,10225.1418,0.6629,0.7055,162.8,164.076,107.92,118.6918
2024-01-31,train,11648.1,11338.0602,0.8427,0.8274,155.31,160.5429,130.88,132.1432
2024-02-01,train,12558.08,12521.3907,0.8989,0.8618,156.98,162.8448,141.1,139.302
2024-02-02,train,19232.72,19727.1103,0.9886,0.9692,221.07,229.8825,218.55,216.5236
2024-02-03,train,23638.28,23802.8204,0.9802,0.964,238.77,245.3572,234.04,231.3361
2024-02-04,train,12537.57,12932.8649,0.6789,0.7154,169.43,173.0037,115.02,132.4078
2024-02-05,train,12300.91,12310.9334,0.8837,0.8551,161.85,167.9963,143.03,142.6819
2024-02-06,train,15055.13,14470.325,0.9767,0.9043,179.23,179.5696,175.06,163.9827
2024-02-07,train,12787.34,13085.6031,0.8391,0.8157,175.17,180.4426,146.98,148.0024
2024-02-08,train,17118.77,18595.0627,0.9432,0.9594,206.25,204.6526,194.53,194.3857
2024-02-09,train,17828.33,19219.3618,0.9425,0.9468,217.42,224.8901,204.92,210.4597
2024-02-10,train,21141.47,23049.0068,1.0,0.9768,240.24,247.2047,240.24,244.1259
2024-02-11,train,10355.28,11519.1694,0.8395,0.8437,152.28,161.7496,127.84,133.9794
2024-02-12,train,12853.18,13428.2288,0.7364,0.7671,158.68,167.5029,116.85,124.8637
2024-02-13,train,12370.74,13070.6471,0.681,0.7079,156.59,165.559,106.64,113.2504
2024-02-14,train,18899.58,19251.6889,0.7965,0.8145,210.0,211.8725,167.25,174.0911
2024-02-15,train,11941.27,14228.9371,0.6053,0.7104,173.06,184.1517,104.75,130.9767
2024-02-16,train,27129.15,27454.8382,0.7797,0.8576,294.88,289.3207,229.91,242.8498
2024-02-17,train,36997.82,37516.4338,0.9675,0.9424,310.91,309.6879,300.8,298.491
2024-02-18,train,25218.74,24124.2654,0.991,0.9355,229.26,223.9269,227.2,207.9758
2024-02-19,train,17852.51,17685.8911,0.9091,0.9045,198.36,196.8053,180.33,174.7445
2024-02-20,train,18261.38,18295.171,0.8952,0.848,194.27,198.7589,173.92,174.606
2024-02-21,train,17606.54,17334.2947,0.9038,0.8561,187.3,190.3917,169.29,164.1659
2024-02-22,train,19621.38,19716.6165,0.9346,0.8965,196.21,195.6346,183.38,179.9115
2024-02-23,train,21057.01,21149.508,0.8037,0.8445,244.85,250.6617,196.79,208.6533
2024-02-24,train,28753.55,28071.1106,0.973,0.9045,266.24,272.4227,259.04,250.7091
2024-02-25,train,14639.51,15825.5069,0.7679,0.7891,170.23,184.6635,130.71,141.8718
2024-02-26,train,13361.03,13963.0066,0.9268,0.9413,175.8,178.3156,162.94,161.9915
2024-02-27,train,16576.99,16401.5739,0.9882,0.9614,197.35,201.0896,195.02,190.9928
2024-02-28,train,17259.7,17384.3131,0.9885,0.9636,200.69,200.2471,198.39,189.8658
2024-02-29,train,14735.19,15604.7645,0.9412,0.9425,184.19,192.2234,173.36,181.8288
2024-03-01,train,20510.24,22444.885,0.9882,0.9881,244.17,253.0709,241.3,248.1978
2024-03-02,train,22618.96,22523.7067,0.977,0.9506,266.11,266.6853,259.99,240.6493
2024-03-03,train,10014.21,12707.5812,0.6375,0.6634,196.36,203.3696,125.18,136.7614
2024-03-04,train,7964.15,11362.9454,0.4457,0.6273,194.25,199.4433,86.57,124.2933
2024-03-05,train,14008.42,13727.2939,0.7363,0.7139,209.08,212.6671,153.94,156.4445
2024-03-06,train,12929.86,14014.7446,0.7262,0.7317,211.96,219.3251,153.93,154.1895
2024-03-07,train,15255.55,15712.6156,0.699,0.752,211.88,218.8753,148.11,156.4414
2024-03-08,train,28049.37,27372.5658,0.9524,0.9358,280.49,276.864,267.14,252.7821
2024-03-09,train,33466.54,33213.3458,0.9748,0.9204,288.5,294.6667,281.23,269.4287
2024-03-10,train,16654.79,17004.5169,0.7431,0.7468,205.61,210.7467,152.8,155.7293
2024-03-11,train,17279.88,18162.7012,0.7054,0.7211,218.73,220.3026,154.28,156.5103
2024-03-12,train,20387.94,20204.3459,0.7023,0.7107,221.61,228.1513,155.63,159.0
2024-03-13,train,32032.83,31514.1186,0.9922,0.9488,252.23,253.879,250.26,247.6378
2024-03-14,train,37130.48,36053.6658,0.9549,0.9317,292.37,286.8648,279.18,269.0465
2024-03-15,train,47130.6,46437.7164,0.9225,0.9202,359.78,353.5203,331.91,324.6995
2024-03-16,train,52116.04,50209.0605,0.9577,0.9521,383.21,377.0887,367.01,349.3314
2024-03-17,train,41692.94,39977.1649,0.9078,0.8989,325.73,313.6875,295.69,291.4545
2024-03-18,train,23607.9,23878.3037,0.6831,0.7153,243.38,243.3326,166.25,170.2311
2024-03-19,train,26589.37,25669.4019,0.831,0.8053,225.33,224.4045,187.25,187.4362
2024-03-20,train,22000.04,21616.3793,0.7681,0.7411,207.55,216.4953,159.42,157.0598
2024-03-21,train,26309.72,27362.596,0.8647,0.8729,228.78,237.6337,197.82,202.2471
2024-03-22,train,45835.89,46533.455,0.986,0.9698,325.08,339.1573,320.53,319.9546
2024-03-23,train,54796.68,53080.3134,1.0,0.9608,388.63,389.7495,388.63,372.5011
2024-03-24,train,35338.07,34965.7035,1.0,0.9633,247.12,250.4477,247.12,251.6661
2024-03-25,train,30095.82,29912.5023,0.9338,0.9018,236.97,238.1249,221.29,224.3312
2024-03-26,train,25970.78,25267.6585,0.8467,0.8216,223.89,228.9643,189.57,186.7411
2024-03-27,train,30285.86,30862.3034,0.8643,0.8692,250.3,249.768,216.33,219.6708
2024-03-28,train,35130.05,35015.5122,0.979,0.9853,250.93,257.7293,245.66,248.8421
2024-03-29,train,52186.45,50977.1757,1.0,0.988,364.94,369.9725,364.94,359.1631
2024-03-30,train,44598.78,47980.6453,0.9161,0.9405,340.45,361.189,311.88,331.7659
2024-03-31,train,19761.32,19542.4731,0.6154,0.6212,224.56,221.9695,138.19,133.2431
2024-04-01,train,13566.79,15111.3348,0.4825,0.5056,196.62,216.6242,94.87,114.7978
2024-04-02,train,18843.98,19325.4911,0.5455,0.544,241.59,244.4276,131.78,140.0655
2024-04-03,train,25775.33,25502.5954,0.7133,0.6955,252.7,259.317,180.25,178.5965
2024-04-04,train,24509.51,25101.7134,0.5461,0.5827,318.31,314.6272,173.83,188.2715
2024-04-05,train,39126.65,42707.0031,0.7214,0.7434,387.39,390.5671,279.48,298.2571
2024-04-06,train,54286.69,52220.8616,0.9209,0.8928,424.11,415.588,390.55,372.9973
2024-04-07,train,21315.84,21145.1827,0.7196,0.7462,276.83,275.9513,199.21,195.3204
2024-04-08,train,18983.05,20523.8997,0.4718,0.5185,283.33,278.1432,133.68,146.8726
2024-04-09,train,19110.51,20112.7816,0.4789,0.5017,281.04,278.2384,134.58,140.9192
2024-04-10,train,27173.65,26596.0434,0.6573,0.6512,289.08,289.5811,190.03,186.9761
2024-04-11,train,32524.95,30451.9122,0.7692,0.7253,295.68,300.3951,227.45,209.042
2024-04-12,train,41798.54,42461.5674,0.7676,0.777,383.47,372.6563,294.36,304.947
2024-04-13,train,50283.41,48441.2446,0.8873,0.8855,399.07,397.3578,354.11,347.397
2024-04-14,train,25141.42,25355.0567,0.6224,0.6724,282.49,270.7891,175.81,181.8338
2024-04-15,train,32981.63,32579.1498,0.8511,0.821,274.85,275.5049,233.91,233.4097
2024-04-16,train,38520.43,35740.7818,0.993,0.9242,271.27,272.1356,269.37,257.2883
2024-04-17,train,41083.02,40871.2574,0.986,0.9579,291.37,291.9687,287.29,284.5356
2024-04-18,train,44369.77,43880.1289,0.9859,0.9791,316.93,310.1788,312.46,306.4086
2024-04-19,train,47859.97,49625.683,0.8601,0.8833,389.11,389.51,334.69,344.462
2024-04-20,train,55289.23,56581.652,0.9155,0.9502,425.3,425.4107,389.36,406.0604
2024-04-21,train,24776.07,25307.5962,0.6992,0.7163,288.09,281.5258,201.43,202.4544
2024-04-22,train,25829.66,25400.7877,0.7234,0.7277,253.23,254.5123,183.19,188.0695
2024-04-23,train,22649.52,23441.0153,0.6154,0.6227,257.38,255.9772,158.39,157.5715
2024-04-24,train,27564.79,28102.7804,0.7413,0.7637,260.05,259.0033,192.76,199.0475
2024-04-25,train,31818.28,32919.9231,0.8112,0.8354,274.3,278.7714,222.51,226.8824
2024-04-26,train,46865.87,46484.081,0.8252,0.8354,397.17,399.1872,327.73,326.311
2024-04-27,train,72421.5,70697.04,0.993,0.9692,510.01,500.139,506.44,492.576
2024-04-28,train,28927.99,29396.6354,0.7762,0.7751,260.61,263.0813,202.29,207.3817
2024-04-29,train,29470.36,29601.1893,0.7746,0.7722,267.91,265.9151,207.54,211.3108
2024-04-30,train,29957.38,28517.84,0.7832,0.774,267.48,268.8908,209.49,202.4616
2024-05-01,train,43083.03,43186.4886,0.965,0.9513,312.2,312.7728,301.28,303.7677
2024-05-02,train,45480.920000000006,45786.3109,0.9718,0.952,329.57,337.4098,320.29,321.7572
2024-05-03,train,62092.0,60875.4399,0.9231,0.9011,470.39,474.5319,434.21,427.6865
2024-05-04,train,74963.77,75204.7853,1.0,0.9762,524.22,519.2816,524.22,516.1496
2024-05-05,train,28673.4,30350.762,0.7483,0.7857,267.98,272.8712,200.51,211.7099
2024-05-06,train,41744.78,41635.7886,0.993,0.9726,296.06,296.0563,293.98,293.8248
2024-05-07,train,44805.99,43941.5501,1.0,0.9706,315.54,314.0928,315.54,311.2599
2024-05-08,train,44604.68,43402.958,0.9787,0.9455,323.22,325.2654,316.35,312.4173
2024-05-09,train,48802.97,48700.1221,0.9714,0.952,358.85,356.7423,348.59,345.0276
2024-05-10,train,62842.3,62079.6372,0.9504,0.9559,468.97,466.8975,445.69,441.6999
2024-05-11,train,63772.57,63220.812,0.9784,0.9652,468.92,462.8637,458.8,457.0651
2024-05-12,train,20668.54,22413.8743,0.5786,0.6238,255.17,256.2153,147.63,153.1763
2024-05-13,train,33743.71,35653.9197,0.7676,0.8172,309.58,309.3803,237.63,251.209
2024-05-14,train,66124.26,63760.0921,0.993,0.9785,468.97,458.6308,465.66,451.3064
2024-05-15,train,66007.54,64274.9109,0.9792,0.9709,468.14,454.0924,458.39,442.4859
2024-05-16,train,57865.1,57187.66,0.8881,0.9129,455.63,434.8454,404.65,400.543
2024-05-17,train,68574.14,68194.6548,0.9444,0.9435,504.22,495.2356,476.21,468.1185
2024-05-18,train,76583.81,74437.634,0.9722,0.9643,547.03,525.9625,531.83,515.3612
2024-05-19,train,34186.62,36194.9059,0.8601,0.9092,277.94,285.5372,239.07,251.5887
2024-05-20,train,41843.5,42236.924,0.965,0.9709,303.21,307.4195,292.61,292.1928
2024-05-21,train,47024.2,47084.6702,0.9931,0.9773,326.56,332.3741,324.3,327.688
2024-05-22,train,49733.99,49112.3009,0.979,0.9707,355.24,349.7392,347.79,338.7334
2024-05-23,train,52471.53,52178.1521,0.9862,0.9694,366.93,365.1055,361.87,357.6502
2024-05-24,train,55440.24,55260.4048,0.931,0.9299,410.67,413.1606,382.35,388.3701
2024-05-25,train,65621.78,64458.6349,0.9722,0.9662,468.73,466.6716,455.71,449.0329
2024-05-26,train,39605.81,40800.6643,0.9658,0.9658,280.89,285.8131,271.27,276.4297
2024-05-27,train,20229.92,20845.1494,0.6096,0.6514,227.3,226.4587,138.56,143.6647
2024-05-28,train,22622.18,24204.9602,0.6483,0.6919,240.66,245.8279,156.02,164.4538
2024-05-29,train,24040.24,24733.959,0.6828,0.7023,242.83,249.5105,165.79,166.4699
2024-05-30,train,31577.64,31818.3899,0.8151,0.8139,265.36,278.6034,216.29,225.2076
2024-05-31,train,58450.54,57353.2959,0.9931,0.9697,405.91,406.0439,403.11,392.7885
2024-06-01,train,62957.72,62283.6073,0.9658,0.973,446.51,442.0461,431.22,429.1385
2024-06-02,train,31040.68,31934.5536,0.8069,0.8381,265.3,261.431,214.07,220.3284
2024-06-03,train,38485.28,39494.7899,0.9103,0.93,291.56,292.8654,265.42,273.6836
2024-06-04,train,43735.27,43059.5051,1.0,0.9764,297.52,295.8151,297.52,291.4119
2024-06-05,train,46485.21,45558.5395,1.0,0.9697,316.23,316.5199,316.23,309.9965
2024-06-06,train,47582.12,46003.3256,0.9718,0.947,344.8,335.681,335.09,324.1739
2024-06-07,train,57044.32,57718.9488,0.9184,0.9405,422.55,425.0181,388.06,394.8077
2024-06-08,train,66814.55,65467.0459,0.9589,0.9605,477.25,477.7954,457.63,456.2836
2024-06-09,train,41505.6,40738.5056,0.9932,0.9758,284.28,288.9514,282.35,276.837
2024-06-10,train,41765.71,42704.3303,0.966,0.9778,294.12,296.8534,284.12,290.9692
2024-06-11,train,46731.09,46051.6463,0.9864,0.9745,322.28,319.6696,317.9,316.7374
2024-06-12,train,46192.81,44645.5536,0.9864,0.9776,318.57,317.761,314.24,306.3587
2024-06-13,train,45743.41,45864.4408,0.9456,0.9546,329.09,322.0538,311.18,314.7187
2024-06-14,train,56518.14,55427.0953,0.9161,0.9282,431.44,421.9478,395.23,390.4157
2024-06-15,train,65276.09,64834.6697,0.9184,0.9463,483.53,476.3465,444.06,447.5404
2024-06-16,train,27341.55,29815.0119,0.7619,0.8567,244.12,249.253,186.0,207.2339
2024-06-17,train,34671.66,34753.3074,0.9779,0.9478,260.69,268.8545,254.94,252.8496
2024-06-18,train,35158.49,34363.2338,0.8973,0.9157,268.39,268.0679,240.81,237.8666
2024-06-19,train,33219.91,33562.1686,0.8681,0.8977,265.76,263.9687,230.69,230.8779
2024-06-20,train,35039.18,37090.6822,0.8414,0.8922,287.21,290.042,241.65,253.2124
2024-06-21,train,62229.630000000005,60233.7205,0.9931,0.9746,432.15,429.8716,429.17,414.3717
2024-06-22,train,66073.2,64523.0564,0.966,0.969,465.3,453.5592,449.48,439.1732
2024-06-23,train,42028.24,40299.0254,0.9932,0.9786,287.86,286.6201,285.91,277.0649
2024-06-24,train,45403.27,43704.6484,1.0,0.9909,310.98,303.5934,310.98,300.6966
2024-06-25,train,47591.24,46336.4026,1.0,0.983,323.75,317.8739,323.75,314.8661
2024-06-26,train,46208.51,46346.9782,0.9932,0.9889,316.5,318.8051,314.34,316.3352
2024-06-27,train,46648.28,46767.7858,1.0,0.9805,319.51,320.4533,319.51,317.5591
2024-06-28,train,52974.74,53587.2033,0.9456,0.9531,381.11,379.3359,360.37,365.6381
2024-06-29,train,55607.17,56948.303,0.9524,0.9491,397.19,409.8134,378.28,391.9628
2024-06-30,train,29654.64,31518.5817,0.8207,0.8522,249.2,257.0961,204.51,221.2035
2024-07-01,train,22181.67,22824.3,0.6573,0.6603,235.98,241.4188,155.12,161.0794
2024-07-02,train,22352.21,22866.0827,0.6364,0.6561,245.63,246.6611,156.31,159.6121
2024-07-03,train,31912.38,32162.6274,0.9855,0.9473,234.65,241.2219,231.25,234.2234
2024-07-04,train,46795.32,46890.1308,0.9932,0.9788,320.52,324.8981,318.34,319.8842
2024-07-05,train,53201.52,53675.0417,0.9514,0.9655,388.33,394.0044,369.46,375.8333
2024-07-06,train,53180.81,52713.3244,0.9929,0.9762,382.6,383.2928,379.86,373.904
2024-07-07,train,32558.89,31881.8046,0.9481,0.9331,254.37,254.2431,241.18,238.1856
2024-07-08,train,37880.45,36990.8478,0.9375,0.9229,280.6,283.7616,263.06,260.8701
2024-07-09,train,40569.51,39255.8083,0.9441,0.9214,300.51,297.9162,283.7,277.9284
2024-07-10,train,38147.9,38364.0211,0.979,0.9735,272.48,276.3849,266.77,269.3078
2024-07-11,train,35099.15,35011.0936,0.9021,0.9087,272.09,276.6713,245.45,246.732
2024-07-12,train,50253.24,50501.461,0.8993,0.9024,402.03,401.4348,361.53,361.5414
2024-07-13,train,52441.030000000006,52659.6865,0.8601,0.8824,426.35,420.8098,366.72,370.854
2024-07-14,train,27888.1,28641.1027,0.8357,0.8375,238.36,245.2897,199.2,210.0291
2024-07-15,train,33818.82,34593.597,0.9403,0.9406,268.4,271.3588,252.38,253.8487
2024-07-16,train,43842.08,44148.376,1.0,0.9862,300.29,303.6048,300.29,300.0143
2024-07-17,train,44158.26,44010.4511,1.0,0.9915,302.45,303.3448,302.45,302.4957
2024-07-18,train,43755.03,43536.0988,0.9863,0.9747,303.85,305.7084,299.69,302.2786
2024-07-19,train,49009.38,50122.0049,0.9034,0.9266,374.12,377.5261,338.0,349.8041
2024-07-20,train,60052.37,60064.3157,0.9793,0.9758,422.9,423.8695,414.15,412.8898
2024-07-21,train,29196.21,29455.8552,0.9333,0.9221,231.72,238.7332,216.27,219.1882
2024-07-22,train,28794.11,29342.9929,0.938,0.9314,237.97,244.8977,223.21,228.9104
2024-07-23,train,30128.49,29933.0139,0.9355,0.9129,259.73,260.6886,242.97,233.9881
2024-07-24,train,31925.5,31137.2597,0.8252,0.8028,270.56,270.9214,223.26,219.9795
2024-07-25,train,42265.99,42176.7994,0.9792,0.9648,299.76,301.5016,293.51,288.9246
2024-07-26,train,54901.58,53072.2098,0.9928,0.9539,397.84,392.8134,394.98,382.465
2024-07-27,train,58772.18,58708.6539,0.9793,0.9778,413.89,412.9051,405.33,405.4914
2024-07-28,train,24910.06,25069.1778,0.7063,0.6936,246.63,246.9365,174.2,175.8416
2024-07-29,train,23444.78,24086.4143,0.6759,0.6854,239.23,241.9214,161.69,167.0341
2024-07-30,train,30086.85,30930.666,0.8435,0.85,242.64,246.4265,204.67,209.1178
2024-07-31,train,29655.53,28921.7345,0.8138,0.7771,251.32,252.6391,204.52,199.1826
2024-08-01,train,44261.78,42966.954,0.9931,0.9591,309.52,305.9701,307.37,298.8842
2024-08-02,train,60145.97,58735.5516,0.9722,0.9598,429.61,418.7188,417.68,407.0345
2024-08-03,train,55288.630000000005,54483.7506,1.0,0.9815,389.36,391.1036,389.36,388.1913
2024-08-04,train,23450.67,24985.3339,0.8,0.8317,234.51,237.7442,187.61,192.6513
2024-08-05,train,24217.3,25249.1286,0.7969,0.8309,237.42,240.3028,189.2,195.5133
2024-08-06,train,28454.84,29181.7558,0.8433,0.8682,251.81,254.3216,212.35,217.9707
2024-08-07,train,28371.38,27892.3372,0.7842,0.7847,260.29,257.4354,204.11,208.7868
2024-08-08,train,37041.43,38415.3712,0.8936,0.919,293.98,294.0992,262.71,269.6485
2024-08-09,train,49940.87,52438.5226,0.8671,0.9115,402.75,401.9649,349.24,363.2578
2024-08-10,train,60564.0,60206.9592,0.9858,0.9755,435.71,436.0959,429.53,426.3511
2024-08-11,train,27937.35,28188.5816,0.8042,0.8106,242.93,249.0834,195.37,198.6312
2024-08-12,train,24099.18,24695.5576,0.7286,0.7388,236.27,240.7811,172.14,176.2068
2024-08-13,train,19976.1,21857.8399,0.5524,0.5908,252.86,249.3585,139.69,153.7873
2024-08-14,train,25114.6,25760.9548,0.6667,0.6921,256.27,265.1384,170.85,181.7833
2024-08-15,train,26739.32,29126.1901,0.7055,0.7469,259.61,271.5233,183.15,204.0068
2024-08-16,train,51788.53,52074.6692,0.8014,0.8162,442.64,433.9255,354.72,356.947
2024-08-17,train,62914.58,63742.8076,0.9214,0.9323,487.71,480.2116,449.39,450.0713
2024-08-18,train,33286.71,34265.0796,0.9716,0.9656,242.97,247.9401,236.08,237.3202
2024-08-19,train,24227.87,24565.733,0.7222,0.728,232.96,233.6882,168.25,175.5592
2024-08-20,train,21749.79,21952.9558,0.6207,0.6232,241.66,244.6734,150.0,149.839
2024-08-21,train,26235.25,27216.689,0.7448,0.7517,242.92,247.3619,180.93,188.3162
2024-08-22,train,35894.73,35799.462,0.9433,0.922,269.89,278.4337,254.57,247.669
2024-08-23,train,59640.33,54931.9411,0.9586,0.8902,429.07,429.0589,411.31,376.6886
2024-08-24,train,53011.18,54593.814,0.8462,0.8724,438.11,439.01,370.71,380.1576
2024-08-25,train,24699.19,24911.1181,0.7083,0.7349,242.15,241.448,171.52,177.4976
2024-08-26,train,25403.19,25998.7462,0.7698,0.8005,237.41,241.3076,182.76,190.7136
2024-08-27,train,30084.97,30830.3553,0.8382,0.8786,263.9,263.4154,221.21,227.1999
2024-08-28,train,34050.8,33480.6396,0.9562,0.9497,259.93,266.2718,248.55,248.5091
2024-08-29,train,38914.71,40445.9991,0.9231,0.9429,294.81,295.4544,272.13,277.2441
2024-08-30,train,60922.79,61473.3897,0.8699,0.8907,479.71,477.9065,417.28,419.3826
2024-08-31,train,77420.11,76837.9541,0.9932,0.9748,533.93,532.0564,530.27,521.4333
2024-09-01,train,48741.41,48516.522,0.9444,0.9536,358.39,355.4741,338.48,334.9992
2024-09-02,train,25161.45,26222.0592,0.6788,0.7009,270.55,276.602,183.66,194.2085
2024-09-03,train,27014.9,26741.7518,0.6923,0.694,272.88,275.1363,188.92,188.7227
2024-09-04,train,33298.43,34427.0325,0.7931,0.7777,289.55,294.2945,229.64,231.8436
2024-09-05,train,36835.87,35598.7785,0.7832,0.7805,328.89,329.9776,257.59,246.284
2024-09-06,train,50791.55,52460.6908,0.7899,0.8073,465.98,453.7253,368.05,369.2183
2024-09-07,train,64853.62,65630.1389,0.8056,0.8241,559.08,543.303,450.37,463.6186
2024-09-08,train,35767.28,35550.6505,0.8298,0.8174,305.7,316.5164,253.67,252.2468
2024-09-09,train,45535.45,46398.8151,0.9034,0.9401,347.6,349.19,314.04,319.4759
2024-09-10,train,59180.49,59425.3364,0.9379,0.934,435.15,434.8259,408.14,408.535
2024-09-11,train,64182.69,62003.9476,0.9793,0.9716,451.99,438.4414,442.64,425.1241
2024-09-12,train,46305.87,45501.5431,0.8239,0.8201,395.78,385.5704,326.1,321.3347
2024-09-13,train,55550.68,56899.5929,0.8662,0.8771,451.63,465.042,391.2,399.2141
2024-09-14,train,66962.46,67052.0744,0.9858,0.9639,481.74,485.9325,474.91,474.3451
2024-09-15,train,37378.37,36496.6508,0.7857,0.805,339.8,337.0319,266.99,263.5652
2024-09-16,train,53315.85,52582.0632,0.9441,0.9503,394.93,388.891,372.84,367.7212
2024-09-17,train,72478.4,71578.761,0.9444,0.9662,532.93,520.5038,503.32,497.9863
2024-09-18,train,77630.92,75240.3972,1.0,0.9792,539.1,531.1456,539.1,520.1182
2024-09-19,train,63377.19,63879.989,0.9137,0.9312,499.03,490.1454,455.95,456.7342
2024-09-20,train,75450.41,74717.3779,0.9028,0.9244,580.39,569.2363,523.96,519.8294
2024-09-21,train,83829.52,81989.7276,0.993,0.9773,590.35,587.4001,586.22,573.6065
2024-09-22,train,48895.26,48457.0098,0.9583,0.9703,354.31,352.4037,339.55,337.3224
2024-09-23,train,69935.03,69456.6199,0.965,0.9716,506.78,500.2483,489.06,484.0241
2024-09-24,train,80137.02,80336.6285,1.0,0.9783,560.4,574.3959,560.4,552.6447
2024-09-25,train,77367.90999999999,77734.8634,0.9793,0.9741,544.84,563.1456,533.57,540.4146
2024-09-26,train,60709.37,62947.754,0.965,0.9648,439.92,446.9674,424.54,437.2297
2024-09-27,train,73420.86,70649.3289,0.9441,0.9043,543.86,537.6607,513.43,497.3269
2024-09-28,train,78876.22,74866.2195,1.0,0.9655,551.58,543.4665,551.58,521.8535
2024-09-29,train,24070.43,23368.1896,0.65,0.6398,264.51,270.3963,171.93,173.2715
2024-09-30,train,25657.06,24908.9958,0.6127,0.5885,294.91,291.9063,180.68,184.4366
2024-10-01,train,34216.9,34453.68,0.8042,0.7806,297.54,300.2659,239.28,234.5586
2024-10-02,train,37592.47,35724.3104,0.7708,0.7684,338.67,333.5091,261.06,246.6632
2024-10-03,train,34796.32,35452.7531,0.7361,0.7588,328.27,326.9625,241.64,244.6711
2024-10-04,train,73680.19,78619.8603,0.9291,0.9618,562.44,572.3502,522.55,551.8205
2024-10-05,train,82315.18,82410.919,0.9929,0.977,587.97,579.9012,583.8,575.6164
2024-10-06,train,43600.94,45320.264,0.8849,0.9083,354.48,358.6159,313.68,322.0465
2024-10-07,train,52424.86,50745.1122,1.0,0.9717,369.19,367.8041,369.19,353.334
2024-10-08,train,62655.54,62710.2881,0.9932,0.9865,429.15,428.695,426.23,427.1329
2024-10-09,train,62986.68,62835.5921,1.0,0.9772,428.48,425.7683,428.48,428.2126
2024-10-10,train,58747.4,56503.282,0.9859,0.9539,419.62,416.4572,413.71,402.7538
2024-10-11,train,80499.88,80848.0267,0.9658,0.9528,570.92,576.0153,551.37,559.0881
2024-10-12,train,83109.61,80814.83,1.0,0.9491,565.37,576.0215,565.37,557.7731
2024-10-13,train,57201.86,54249.8635,0.9452,0.9012,414.51,410.111,391.79,375.9612
2024-10-14,train,54740.32,54292.3717,0.8912,0.8857,417.87,415.7613,372.38,370.2992
2024-10-15,train,68581.93,68210.6479,1.0,0.9713,466.54,472.6499,466.54,467.8383
2024-10-16,train,75614.45,74804.1122,1.0,0.9904,517.91,509.0935,517.91,510.7594
2024-10-17,train,73201.87,72560.4683,0.9932,0.9892,504.84,498.8085,501.38,497.5686
2024-10-18,train,71439.2,70039.2827,0.8621,0.8534,571.51,547.7057,492.68,483.3988
2024-10-19,train,71730.82,75972.5867,0.8472,0.8527,587.96,592.9811,498.13,525.2864
2024-10-20,train,42901.58,42725.0721,0.8671,0.8651,345.98,349.9946,300.01,298.4582
2024-10-21,train,55798.97,55493.8123,0.9795,0.9793,390.2,389.2931,382.18,377.6749
2024-10-22,train,59097.73,59004.5531,0.993,0.9824,416.18,409.1501,413.27,410.6655
2024-10-23,train,59076.670000000006,59105.0194,1.0,0.9869,407.43,401.5242,407.43,399.6168
2024-10-24,train,60031.2,59414.8016,0.9931,0.9776,416.88,411.7723,414.01,404.3725
2024-10-25,train,76215.93000000001,73841.9168,0.9384,0.9475,556.32,544.5399,522.03,511.354
2024-10-26,train,74976.69,72700.6164,0.9793,0.9663,528.0,512.6477,517.08,499.8513
2024-10-27,train,38305.31,39030.2204,0.8219,0.8701,319.21,314.525,262.37,265.4184
2024-10-28,train,56835.83,56023.8081,0.9726,0.9676,400.25,395.6989,389.29,387.3178
2024-10-29,train,59072.87,57863.481,0.9863,0.972,410.23,400.817,404.61,397.8296
2024-10-30,train,23654.12,24687.5606,0.5616,0.6124,288.46,288.7014,162.01,176.0706
2024-10-31,train,27323.39,27693.5409,0.7517,0.7402,250.67,257.1323,188.44,189.4827
2024-11-01,train,67589.2,69906.2256,0.9306,0.9276,504.4,503.1969,469.37,474.4734
2024-11-02,train,80293.78,79618.3114,0.9861,0.9807,565.45,568.0347,557.6,555.7152
2024-11-03,train,24374.41,24304.394,0.5594,0.6146,304.68,297.0557,170.45,179.2214
2024-11-04,train,17727.68,19566.031,0.4653,0.5123,264.59,260.654,123.11,137.7408
2024-11-05,train,24963.47,24416.8144,0.7042,0.6846,249.63,256.2384,175.8,168.7251
2024-11-06,train,26737.69,27513.4535,0.6993,0.7106,267.38,275.9197,186.98,193.2581
2024-11-07,train,25232.54,25516.333,0.6084,0.637,290.03,290.6999,176.45,190.2093
2024-11-08,train,57451.52,57262.5218,0.9357,0.9307,438.56,439.4178,410.37,409.7533
2024-11-09,train,67894.0,66430.6524,0.993,0.9709,478.13,475.1014,474.78,463.5746
2024-11-10,train,23590.11,23637.4033,0.6294,0.6382,262.11,263.1943,164.97,162.1204
2024-11-11,train,24023.89,23958.6412,0.735,0.7041,279.35,276.6828,205.33,197.8755
2024-11-12,train,41682.68,41272.0277,0.8966,0.9047,320.64,318.5188,287.47,285.2169
2024-11-13,train,46712.51,46018.0521,0.9931,0.9804,326.66,328.2494,324.39,321.2404
2024-11-14,train,47403.77,46042.2699,1.0,0.9662,329.19,332.9716,329.19,320.4671
2024-11-15,train,58203.99,56630.4846,0.9028,0.8763,447.72,436.7118,404.19,395.9617
2024-11-16,train,67110.06,66725.6109,0.9586,0.9473,482.81,479.6312,462.83,461.0222
2024-11-17,train,26744.91,25352.6996,0.7172,0.6856,257.16,258.9653,184.45,176.383
2024-11-18,train,33766.92,32604.4073,0.8309,0.8296,298.82,293.0726,248.29,240.0674
2024-11-19,train,41400.92,40598.7289,0.8811,0.8695,328.58,332.4035,289.52,288.2178
2024-11-20,train,36776.23,36226.0708,0.7517,0.7657,337.4,328.4161,253.63,252.5669
2024-11-21,train,30711.83,30797.5474,0.7465,0.7659,289.73,290.9847,216.28,221.8355
2024-11-22,train,46671.91,47094.3761,0.8794,0.8806,376.39,383.8312,331.01,332.0265
2024-11-23,train,51507.74,52715.2715,0.9078,0.9369,402.4,399.9984,365.3,371.9331
2024-11-24,train,16022.23,17231.232,0.531,0.5543,208.08,212.8,110.5,112.6415
2024-11-25,train,13097.2,13137.1811,0.469,0.5018,192.61,191.8938,90.33,92.8771
2024-11-26,train,11290.6,12738.0088,0.469,0.5191,166.04,179.661,77.87,89.1824
2024-11-27,train,15270.56,15575.2343,0.4685,0.5036,227.92,226.0629,106.79,108.3301
2024-11-28,train,18705.0,21260.5411,0.5,0.5585,259.79,266.3498,129.9,144.6778
2024-11-29,train,33780.12,37300.0371,0.617,0.6139,388.28,380.8805,239.58,262.6185
2024-11-30,train,23243.65,26723.51,0.4685,0.5038,346.92,345.2159,162.54,192.8526
2024-12-01,train,14707.17,15146.3427,0.4615,0.5161,222.84,230.726,102.85,122.6438
2024-12-02,train,27172.84,26382.2947,0.5563,0.5511,343.96,334.2897,191.36,190.6853
2024-12-03,train,59255.12,54599.8028,0.8741,0.8193,474.04,448.5672,414.37,390.4161
2024-12-04,train,75933.22,72850.3577,0.9931,0.9794,527.31,515.419,523.68,508.4484
2024-12-05,train,70800.88,70039.6171,0.9931,0.9775,491.67,479.2433,488.28,482.2105
2024-12-06,train,83023.49,82513.1773,0.9514,0.957,606.01,587.8479,576.55,569.0513
2024-12-07,train,89258.19,82592.3864,0.9931,0.9675,619.85,573.7488,615.57,567.4214
2024-12-08,train,32279.52,33585.0914,0.75,0.7642,298.88,302.1674,224.16,228.5153
2024-12-09,train,49256.87,48462.7015,0.9037,0.9077,403.74,403.383,364.87,358.6874
2024-12-10,train,71466.84,69671.1858,1.0,0.9836,489.5,486.5484,489.5,475.6893
2024-12-11,train,69355.99,68025.7126,1.0,0.9773,478.32,476.2939,478.32,471.8169
2024-12-12,train,62190.37,61551.3755,1.0,0.9764,428.9,432.4968,428.9,424.9663
2024-12-13,train,52620.89,57655.3639,0.8194,0.8567,445.94,457.8271,365.42,387.6774
2024-12-14,train,67838.36,66508.4497,0.9859,0.974,484.56,475.603,477.73,464.3847
2024-12-15,train,30827.65,30331.7066,0.844,0.8229,259.06,267.588,218.64,217.0666
2024-12-16,train,22642.8,24689.9871,0.7305,0.7371,219.83,230.5392,160.59,164.6845
2024-12-17,train,16340.08,16754.9132,0.6056,0.5965,190.0,196.5303,115.07,117.8853
2024-12-18,train,15351.05,16169.8039,0.5694,0.5834,187.21,193.6363,106.6,114.4955
2024-12-19,train,15242.170000000002,16419.3268,0.6138,0.5972,171.26,199.0657,105.12,112.7544
2024-12-20,train,24075.54,24412.0779,0.5274,0.5461,312.67,311.1609,164.9,180.57
2024-12-21,train,40061.21,41030.2433,0.8333,0.8264,333.84,357.8558,278.2,281.248
2024-12-22,train,21956.91,21815.9506,0.7914,0.7798,199.61,206.2526,157.96,164.166
2024-12-23,train,15614.94,15920.8861,0.6273,0.61,226.3,228.3617,141.95,141.4191
2024-12-24,train,19116.43,19780.2291,0.5827,0.5891,236.01,245.6039,137.53,141.3848
2024-12-25,train,16041.81,16933.1677,0.4783,0.5087,243.06,237.9809,116.24,127.8131
2024-12-26,train,19499.23,21060.2338,0.5362,0.5998,263.5,266.6912,141.3,150.5184
2024-12-27,train,26165.99,27459.1735,0.5324,0.5613,353.59,341.9886,188.24,196.7831
2024-12-28,train,39015.05,42026.2585,0.7482,0.8106,375.14,377.2435,280.68,304.5602
2024-12-29,train,32404.66,33214.5176,0.8116,0.8334,289.33,292.0959,234.82,238.7334
2024-12-30,train,40427.29,41277.9044,0.9197,0.9299,320.85,323.5286,295.09,297.9317
2024-12-31,train,65799.36,66638.9372,0.9861,0.9443,463.38,465.4989,456.94,462.8973
2025-01-01,train,22109.48,22599.9624,0.7113,0.7429,218.91,219.4001,155.7,166.4378
2025-01-02,train,16683.93,18787.1202,0.741,0.7726,161.98,174.3954,120.03,137.6282
2025-01-03,train,22452.24,22233.3721,0.9752,0.9124,190.27,190.527,185.56,176.8979
2025-01-04,train,20361.5,20636.4141,0.8976,0.8779,178.61,185.1281,160.33,157.8161
2025-01-05,train,9452.03,11680.072,0.5496,0.5485,131.28,152.0196,72.15,87.9648
2025-01-06,train,10343.66,10924.8707,0.5496,0.5496,143.66,152.0156,78.96,85.1919
2025-01-07,train,10030.11,11807.4624,0.5197,0.5352,151.97,174.25,78.98,91.4121
2025-01-08,train,12454.98,12352.1354,0.5635,0.5541,175.42,173.7883,98.85,94.5913
2025-01-09,train,11636.19,12385.3993,0.5556,0.5687,155.15,159.1774,86.19,92.0481
2025-01-10,train,20771.34,20443.414,0.6547,0.6303,228.26,227.6222,149.43,145.4048
2025-01-11,train,25719.74,26729.8775,0.7746,0.7673,233.82,235.4375,181.12,185.8281
2025-01-12,train,13761.54,15366.2171,0.6713,0.6772,143.35,156.9986,96.23,105.4258
2025-01-13,train,18543.93,18748.2595,0.8485,0.8656,165.57,170.6796,140.48,142.1165
2025-01-14,train,19997.5,19835.5493,0.8112,0.796,172.39,176.3664,139.84,142.7522
2025-01-15,train,20319.45,19946.6856,0.8194,0.8003,172.2,175.9954,141.11,137.0754
2025-01-16,train,18550.57,18994.1239,0.7778,0.7877,165.63,169.8578,128.82,134.6789
2025-01-17,train,30182.1,31596.7411,0.7292,0.7814,287.45,285.5138,209.6,221.123
2025-01-18,train,50436.990000000005,48147.8084,0.9793,0.9627,355.19,347.3124,347.84,335.9736
2025-01-19,train,21330.64,22627.7268,0.922,0.917,164.08,166.9248,151.28,156.2927
2025-01-20,train,15256.83,15548.7531,0.7969,0.8027,149.58,157.3441,119.19,121.8465
2025-01-21,train,14192.6,14947.4059,0.6458,0.6583,152.61,156.5833,98.56,111.6965
2025-01-22,train,18536.42,18150.1395,0.7887,0.7768,165.5,166.8071,130.54,128.6463
2025-01-23,train,19009.34,19905.3468,0.8182,0.8105,162.47,166.8215,132.93,139.2347
2025-01-24,train,32299.11,32033.3082,0.8309,0.8322,285.83,284.2736,237.49,242.8537
2025-01-25,train,37407.86,35907.7932,0.9375,0.886,277.1,278.4766,259.78,250.2716
2025-01-26,train,14510.52,15131.6397,0.7388,0.7193,146.57,153.2146,108.29,110.157
2025-01-27,train,16760.92,16649.6136,0.7762,0.7581,151.0,155.6637,117.21,123.9064
2025-01-28,train,21876.35,21203.1642,0.9241,0.8873,163.26,167.0234,150.87,146.5587
2025-01-29,train,19960.12,19660.0692,0.8462,0.8133,164.96,170.0987,139.58,136.023
2025-01-30,train,15633.65,15494.94,0.7674,0.7449,157.92,161.3364,121.19,116.4687
2025-01-31,train,24883.7,24732.6059,0.7655,0.8037,224.18,228.4978,171.61,181.2784
2025-02-01,train,35727.98,34524.0749,0.993,0.9627,253.39,252.9536,251.61,243.6006
2025-02-02,train,12935.84,14510.0081,0.7258,0.7403,143.73,155.5758,104.32,114.6835
2025-02-03,train,18016.28,20295.9871,0.8264,0.8447,151.4,160.0412,125.11,138.9242
2025-02-04,train,23430.96,23343.7426,0.8811,0.8856,185.96,188.2288,163.85,167.4234
2025-02-05,train,21667.6,22020.1009,0.8403,0.8448,179.07,179.212,150.47,151.7678
2025-02-06,train,18554.12,19200.7563,0.8252,0.8268,157.24,162.6063,129.75,138.3747
2025-02-07,train,28597.1,28788.5846,0.8322,0.8383,240.31,244.1505,199.98,201.926
2025-02-08,train,34799.02,34290.3822,0.9021,0.8972,269.76,269.1202,243.35,244.1952
2025-02-09,train,20670.55,21872.8301,0.9028,0.89,159.0,163.5474,143.55,149.9803
2025-02-10,train,19919.1,20490.8621,0.8156,0.8197,173.21,177.8107,141.27,147.2254
2025-02-11,train,21663.75,22797.2671,0.8472,0.8544,177.57,180.9668,150.44,154.3475
2025-02-12,train,15342.61,16175.339,0.5944,0.6769,180.5,177.1823,107.29,115.2095
2025-02-13,train,20337.38,20549.3044,0.7692,0.7861,184.89,185.5129,142.22,148.5046
2025-02-14,train,48785.08,49189.145,0.9448,0.9604,356.1,362.3601,336.45,344.8354
2025-02-15,train,50383.46,49415.6108,0.9296,0.9391,381.69,371.0435,354.81,347.2485
2025-02-16,train,20707.43,21130.3744,0.8058,0.7992,184.89,190.0435,148.97,155.209
2025-02-17,train,13743.3,15298.4732,0.6642,0.6999,154.42,162.3278,102.56,112.8711
2025-02-18,train,18630.79,20211.6638,0.7569,0.7816,170.92,177.2168,129.38,139.8115
2025-02-19,train,24637.31,25222.8417,0.9517,0.9585,178.53,184.9842,169.91,170.5017
2025-02-20,train,26067.63,25813.8137,0.9586,0.9458,187.54,192.9422,179.78,181.1175
2025-02-21,train,31844.23,31661.3889,0.8741,0.8602,254.75,257.4767,222.69,222.634
2025-02-22,train,30275.76,30552.6377,0.7862,0.7915,265.58,265.6063,208.8,208.6898
2025-02-23,train,16032.82,16793.5436,0.662,0.6868,170.56,174.0895,112.91,122.8128
2025-02-24,train,29018.31,28450.0037,0.9931,0.9644,202.93,201.0886,201.52,198.5911
2025-02-25,train,33483.3,32183.8114,0.9862,0.9602,234.15,236.0979,230.92,225.0962
2025-02-26,train,33528.5,32068.8696,0.9862,0.9422,234.47,236.1598,231.23,223.2098
2025-02-27,train,17048.61,18177.7138,0.6434,0.6812,185.31,187.936,119.22,132.0439
2025-02-28,train,32123.32,33207.2291,0.8671,0.8879,259.06,260.8901,224.64,234.9058
2025-03-01,train,42021.54,41229.1605,0.8592,0.8581,344.44,337.597,295.93,291.1222
2025-03-02,train,19339.03,20827.878,0.7917,0.827,169.64,176.003,134.3,139.6138
2025-03-03,train,28040.26,28209.2089,0.9241,0.9395,209.26,209.0917,193.38,199.667
2025-03-04,train,28883.9,28661.3722,0.9586,0.9445,207.8,211.0435,199.2,204.3941
2025-03-05,train,17191.5,17440.1604,0.5986,0.6261,202.25,202.8839,121.07,123.6675
2025-03-06,train,17503.47,18262.2462,0.5972,0.6301,203.53,209.0847,121.55,133.2577
2025-03-07,train,23812.35,25318.199,0.6966,0.7305,235.77,241.1689,164.22,173.3995
2025-03-08,train,31580.24,33296.6627,0.7724,0.8025,281.97,279.5571,217.79,233.3703
2025-03-09,train,15741.28,16248.5676,0.6549,0.6577,169.26,171.1008,110.85,113.7366
2025-03-10,train,16089.39,17246.4073,0.5517,0.5741,201.12,201.4923,110.96,117.4082
2025-03-11,train,21619.65,20854.5077,0.7153,0.7059,209.9,208.4139,150.14,147.6317
2025-03-12,train,19022.94,18531.839,0.6319,0.6235,209.04,213.3052,132.1,129.7078
2025-03-13,train,20680.51,20967.9656,0.625,0.664,229.78,228.8918,143.61,158.3175
2025-03-14,train,40669.11,38871.2593,0.7746,0.7887,369.72,357.8574,286.4,280.4454
2025-03-15,train,43721.06,43334.8584,0.8014,0.803,386.91,370.6606,310.08,312.1017
2025-03-16,train,15224.43,16444.6211,0.6042,0.626,174.99,183.7241,105.73,115.2624
2025-03-17,train,17072.13,18082.1436,0.562,0.5811,221.72,222.3878,124.61,130.7886
2025-03-18,train,26315.48,26148.9615,0.8392,0.8318,219.3,225.3238,184.02,185.7596
2025-03-19,train,29401.35,28336.7233,0.9155,0.8991,226.16,226.6654,207.05,200.5476
2025-03-20,train,31469.7,31869.4992,0.972,0.9622,226.4,231.0526,220.07,217.7417
2025-03-21,train,46517.23,47163.6519,0.8462,0.8828,384.44,382.6132,325.3,323.2073
2025-03-22,train,52402.49,51578.5804,0.9155,0.9317,403.1,397.8595,369.03,353.9499
2025-03-23,train,23373.75,24189.8135,0.8921,0.9014,188.5,197.2209,168.16,176.5803
2025-03-24,train,24692.95,26584.6595,0.7246,0.7913,246.93,243.469,178.93,189.2215
2025-03-25,train,27153.24,27239.0296,0.7413,0.7649,256.16,252.6026,189.88,194.1733
2025-03-26,train,26463.27,26072.9735,0.7448,0.7498,245.03,244.9703,182.51,185.6013
2025-03-27,train,27538.32,27861.2032,0.7517,0.765,252.65,249.5639,189.92,193.9396
2025-03-28,train,42316.43,41577.8088,0.7862,0.8019,371.2,360.4791,291.84,285.4573
2025-03-29,train,45207.18,43713.8221,0.8601,0.8592,367.54,359.4382,316.13,308.964
2025-03-30,train,24645.82,25001.3747,0.9028,0.8953,189.58,197.9689,171.15,168.1022
2025-03-31,train,18495.06,19102.0317,0.6972,0.691,186.82,196.7824,130.25,131.012
2025-04-01,train,27345.4,27320.6557,0.6806,0.6861,279.03,279.2475,189.9,191.9926
2025-04-02,train,27761.85,27141.3386,0.6923,0.6417,280.42,282.249,194.14,185.144
2025-04-03,train,27943.97,27970.1173,0.6897,0.6883,279.44,274.6536,192.72,196.4466
2025-04-04,train,39328.91,40874.0814,0.6831,0.701,405.45,390.992,276.96,285.9356
2025-04-05,train,44382.67,43005.4259,0.7431,0.7401,414.79,403.2969,308.21,300.2283
2025-04-06,train,24820.91,23698.462,0.6738,0.6722,261.27,245.1342,176.03,172.4345
2025-04-07,train,25356.77,26257.2598,0.7113,0.711,251.06,250.9279,178.57,188.3348
2025-04-08,train,27834.2,26939.2923,0.7746,0.7446,253.04,252.5705,196.02,181.8969
2025-04-09,train,31070.22,30149.8978,0.7862,0.7674,272.55,272.0032,214.28,205.4732
2025-04-10,train,41012.8,39076.4706,0.9724,0.9318,290.87,290.6018,282.85,271.1717
2025-04-11,train,55241.83,52627.9131,0.9379,0.944,406.19,406.2141,380.98,366.639
2025-04-12,train,50960.24,51821.6465,0.8392,0.8601,424.67,410.003,356.37,357.7732
2025-04-13,train,23829.64,25116.8254,0.8156,0.8379,207.21,209.37,169.0,181.3993
2025-04-14,train,23094.79,24777.666,0.8088,0.844,209.95,214.1957,169.81,180.1259
2025-04-15,train,28791.05,29105.3836,0.9237,0.9132,237.94,242.1424,219.78,220.2702
2025-04-16,train,37893.13,37186.4229,0.9241,0.8889,282.78,282.4013,261.33,259.7131
2025-04-17,train,38878.37,40124.4605,0.9172,0.921,292.32,295.6021,268.13,275.6792
2025-04-18,train,49372.79,48010.0896,0.8643,0.852,408.04,408.8021,352.66,340.4434
2025-04-19,train,50742.92,50252.7366,0.8768,0.8586,419.36,421.158,367.7,358.4823
2025-04-20,train,20967.67,22773.169,0.8087,0.8018,225.46,231.672,182.33,189.4132
2025-04-21,train,20670.86,20534.3547,0.7007,0.693,215.32,222.1233,150.88,156.3681
2025-04-22,train,26698.61,27697.1271,0.7737,0.7818,251.87,257.4638,194.88,198.3332
2025-04-23,train,36143.16,36096.1448,1.0,0.9788,258.17,264.3631,258.17,257.6027
2025-04-24,train,38448.32,38748.1268,1.0,0.9911,268.87,277.0494,268.87,272.4543
2025-04-25,train,61256.4,62947.2103,0.8552,0.8618,494.0,484.5396,422.46,429.6415
2025-04-26,train,79240.42,81201.9828,1.0,0.9731,558.03,575.6512,558.03,562.8079
2025-04-27,train,37915.17,37718.63,0.9857,0.9775,274.75,274.8231,270.82,268.4522
2025-04-28,train,31481.21,31702.6337,0.8676,0.8713,266.79,267.3801,231.48,231.149
2025-04-29,train,41712.08,41924.6686,1.0,0.9841,297.94,302.2533,297.94,298.3869
2025-04-30,train,42840.69,43248.9802,0.9928,0.9886,310.44,313.5284,308.21,310.9081
2025-05-01,train,49983.5,48935.3802,0.9931,0.9874,349.53,342.4647,347.11,335.4501
2025-05-02,train,61750.15,62503.2027,0.8958,0.911,478.68,475.8644,428.82,431.9699
2025-05-03,train,73359.03,72606.6989,0.9655,0.9618,523.99,519.4415,505.92,505.7981
2025-05-04,train,35865.11,35272.2284,0.979,0.9663,256.18,263.1554,250.8,241.9818
2025-05-05,train,50896.54,50327.1888,1.0,0.984,355.92,355.5346,355.92,349.66
2025-05-06,train,51511.94,51305.985,0.9658,0.9546,365.33,362.4166,352.82,352.0003
2025-05-07,train,49770.53,49613.9011,0.9864,0.9748,343.25,342.0845,338.58,334.9525
2025-05-08,train,48627.86,48337.2034,0.9932,0.9635,333.07,334.1486,330.8,325.6295
2025-05-09,train,59340.88,59766.6011,0.9375,0.9441,439.56,438.6017,412.09,414.2239
2025-05-10,train,62725.33,63909.0821,0.9241,0.953,468.1,466.413,432.59,438.8281
2025-05-11,train,26191.33,27133.387,0.913,0.93,207.87,214.7162,189.79,198.0218
2025-05-12,train,43038.12,44555.01,0.9448,0.9576,314.15,317.4585,296.81,305.267
2025-05-13,train,62261.25,62457.9946,0.972,0.9616,447.92,454.768,435.39,430.9369
2025-05-14,train,65408.98,64368.6662,0.9728,0.968,457.41,455.7569,444.96,439.4531
2025-05-15,train,55676.03,54904.8685,0.8707,0.9345,434.97,414.3137,378.75,381.3377
2025-05-16,train,78827.85,81549.2506,0.9184,0.9492,583.91,582.6931,536.24,550.7063
2025-05-17,train,94041.42,88168.4727,0.9932,0.9712,648.56,610.054,644.12,597.5044
2025-05-18,train,36036.22,35388.3387,0.9726,0.9666,253.78,260.9685,246.82,244.2884
2025-05-19,train,49488.17,48300.5785,0.9864,0.9733,341.3,335.5532,336.65,330.964
2025-05-20,train,51971.51,51174.1485,0.9932,0.9709,358.42,364.5903,355.97,351.3991
2025-05-21,train,49808.32,50493.7951,0.9726,0.9653,350.76,355.204,341.15,346.3343
2025-05-22,train,39928.54,41844.501,0.8621,0.9011,319.43,324.5024,275.37,291.962
2025-05-23,train,57388.33,57672.8651,0.8966,0.9308,441.45,441.1159,395.78,400.6458
2025-05-24,train,68980.95,70239.3826,0.9795,0.9592,482.38,490.1029,472.47,479.3346
2025-05-25,train,42593.54,42746.5582,0.9864,0.9646,293.75,296.8264,289.75,288.7574
2025-05-26,train,23489.98,24123.6742,0.8169,0.8197,202.5,203.764,165.42,170.1411
2025-05-27,train,22818.77,24275.0426,0.7376,0.7737,219.41,213.5813,161.84,171.9594
2025-05-28,train,30321.38,30446.6452,0.8462,0.8404,250.59,252.5764,212.04,212.2573
2025-05-29,train,36110.94,35338.7234,0.9214,0.9136,279.93,277.0559,257.94,254.3773
2025-05-30,train,52781.69,52398.2524,0.8768,0.8891,436.21,430.9306,382.48,377.0988
2025-05-31,train,65963.94,64791.8109,1.0,0.9772,467.83,467.7107,467.83,460.6245
2025-06-01,train,34155.31,34137.3867,0.9787,0.9447,247.5,252.2194,242.24,242.5825
2025-06-02,train,32819.6,33508.3532,0.9357,0.9178,250.53,263.5166,234.43,237.2541
2025-06-03,train,44935.25,45533.1295,0.9931,0.9821,312.05,311.2868,309.9,310.0219
2025-06-04,train,46567.69,46527.6718,1.0,0.9911,316.79,321.0238,316.79,317.6624
2025-06-05,train,46638.59,47123.5376,0.9792,0.9859,330.77,334.3472,323.88,323.6614
2025-06-06,train,78675.41,77672.7702,0.9932,0.9671,542.59,531.1706,538.87,525.518
2025-06-07,train,79576.86,78636.0763,0.9932,0.976,548.81,542.6757,545.05,536.2705
2025-06-08,train,40375.55,40311.7626,0.9586,0.9722,290.47,291.7183,278.45,277.1044
2025-06-09,train,42964.880000000005,42882.4843,1.0,0.9806,294.28,294.3095,294.28,290.7737
2025-06-10,train,45246.22,44890.9675,1.0,0.9862,307.8,309.7988,307.8,305.867
2025-06-11,train,47119.37,46831.858,1.0,0.988,320.54,318.5093,320.54,316.1447
2025-06-12,train,46828.48,46355.8004,1.0,0.9798,318.56,317.8624,318.56,313.8769
2025-06-13,train,58140.64,59825.7778,0.8552,0.8876,468.88,458.135,400.97,410.5725
2025-06-14,train,65866.85,67645.0873,0.9247,0.9453,487.9,484.0146,451.14,459.154
2025-06-15,train,24815.94,25538.6961,0.8686,0.8689,208.54,202.9979,181.14,180.7295
2025-06-16,train,29363.92,29670.9403,0.8662,0.9149,238.73,240.2862,206.79,210.2196
2025-06-17,train,33357.61,33228.0832,0.9048,0.9103,250.81,255.4403,226.92,229.4012
2025-06-18,train,36009.54,37064.7091,0.9306,0.9321,268.73,273.1501,250.07,259.9955
2025-06-19,train,44000.63,43160.3844,0.9861,0.9715,309.86,310.6803,305.56,298.9792
2025-06-20,train,77024.96,76769.5244,0.9793,0.9751,542.43,538.8942,531.21,524.4394
2025-06-21,train,78955.67,77803.4188,0.9728,0.9728,552.14,546.9775,537.11,537.6886
2025-06-22,train,33884.61,34683.3373,0.9862,0.9761,236.96,245.1234,233.69,238.0518
2025-06-23,train,38256.54,38732.2116,0.9097,0.9397,292.03,289.0731,265.67,270.0129
2025-06-24,train,48018.56,47095.4977,1.0,0.989,331.16,333.0287,331.16,324.6733
2025-06-25,train,44812.36,45652.1525,0.9932,0.9761,309.05,310.6864,306.93,306.9005
2025-06-26,train,44021.02,44049.6716,0.9863,0.9737,305.7,306.8318,301.51,296.0073
2025-06-27,train,67324.26,64426.3118,0.9586,0.9309,484.35,470.988,464.31,444.3622
2025-06-28,train,69038.06,66514.5873,0.9931,0.9726,479.43,470.7354,476.12,458.6485
2025-06-29,train,38284.29,33452.2985,0.8551,0.854,324.44,275.8315,277.42,245.5041
2025-06-30,train,10418.05,16115.4085,0.6569,0.6561,115.76,182.803,76.04,117.4407
2025-07-01,train,19863.0,19795.4145,0.5839,0.5874,248.29,246.4888,144.99,144.6048
2025-07-02,train,19327.66,19035.5855,0.5839,0.6159,241.6,235.1409,141.08,146.9982
2025-07-03,train,31891.81,33993.5655,0.8489,0.8612,270.27,272.7433,229.44,242.3485
2025-07-04,train,59732.4,59594.5346,0.9928,0.9602,432.84,436.0879,429.73,420.3186
2025-07-05,train,47997.43,49628.8511,0.7986,0.8192,432.41,427.0116,345.31,351.6475
2025-07-06,train,22520.07,23473.5103,0.8321,0.8522,206.61,206.0432,171.91,177.6494
2025-07-07,train,27420.52,25642.1637,0.7536,0.6948,263.66,261.8212,198.7,187.6059
2025-07-08,train,33320.91,33388.3378,0.8156,0.8104,289.75,290.0196,236.32,233.5201
2025-07-09,train,32339.39,32719.0634,0.8,0.8083,288.74,288.5638,231.0,232.9294
2025-07-10,train,33171.63,33033.0574,0.8056,0.8099,285.96,282.5162,230.36,232.1375
2025-07-11,train,52156.56,49344.1486,0.986,0.9246,369.9,372.2248,364.73,348.2152
2025-07-12,train,56317.82,56028.8063,0.9931,0.9731,391.1,398.1063,388.4,387.0125
2025-07-13,train,30954.19,32053.358,0.9714,0.9667,227.6,238.1025,221.1,228.8948
2025-07-14,train,33328.49,33909.0702,0.9565,0.9643,252.49,253.4189,241.51,244.7848
2025-07-15,train,39165.3,38498.2683,0.9862,0.9688,273.88,274.065,270.11,265.8942
2025-07-16,train,38618.39,38451.8777,0.9655,0.9653,275.85,274.3323,266.33,264.3272
2025-07-17,train,33490.07,33662.5986,0.9353,0.9612,257.62,257.0884,240.94,240.1403
2025-07-18,train,55003.41,53803.481,0.9857,0.9627,398.58,398.6696,392.88,382.7312
2025-07-19,train,65443.96,65022.5125,0.9931,0.982,454.47,451.0552,451.34,441.948
2025-07-20,train,30309.44,31075.2485,0.9203,0.9107,238.66,243.9886,219.63,224.6148
2025-07-21,train,28899.14,29299.6226,0.8227,0.8308,249.13,248.8977,204.96,209.2681
2025-07-22,train,41397.79,40111.9006,0.972,0.9747,297.83,294.7413,289.5,283.4277
2025-07-23,train,36403.63,35760.9604,0.8489,0.8373,308.51,301.0821,261.9,254.4764
2025-07-24,train,28930.54,29040.3741,0.8643,0.8357,239.1,245.4677,206.65,205.0409
2025-07-25,train,52434.55,51856.8922,0.9792,0.9728,371.88,374.8436,364.13,360.8281
2025-07-26,train,57624.3,56426.5671,0.986,0.9837,408.68,409.5187,402.97,396.9933
2025-07-27,train,29603.59,29218.21,1.0,0.9544,214.52,219.936,214.52,216.8825
2025-07-28,train,29924.5,29728.0556,0.9927,0.9601,220.03,224.9989,218.43,214.4249
2025-07-29,train,31312.69,31463.4721,0.9197,0.9277,248.51,248.7329,228.56,228.9985
2025-07-30,train,32947.15,31965.557,0.9853,0.9504,245.87,248.0987,242.26,231.3974
2025-07-31,train,32801.59,31114.7458,0.9389,0.923,266.68,260.864,250.39,233.4415
2025-08-01,train,46032.85,45965.0381,0.9416,0.9093,356.84,361.5654,336.01,333.6552
2025-08-02,train,53136.83,52975.4135,0.9779,0.9598,399.53,400.9175,390.71,385.802
2025-08-03,train,28577.38,28615.6145,0.9925,0.9547,216.5,224.8546,214.87,214.0869
2025-08-04,train,27590.76,27025.746,0.8705,0.8379,228.02,228.9793,198.49,195.3093
2025-08-05,train,29304.64,29144.2419,0.8322,0.8298,246.26,247.3398,204.93,203.1952
2025-08-06,train,25542.7,26592.3809,0.7902,0.8019,226.04,231.2013,178.62,184.7264
2025-08-07,train,25605.8,27956.2372,0.7465,0.8089,241.56,245.3611,180.32,197.2961
2025-08-08,train,53681.23,53773.9538,0.8819,0.8987,422.69,412.2223,372.79,372.643
2025-08-09,train,64027.75,63131.8367,0.9931,0.9713,447.75,445.0832,444.64,435.4783
2025-08-10,train,28344.33,28702.0623,0.9688,0.9564,228.58,228.7215,221.44,220.9354
2025-08-11,train,25226.88,25447.9899,0.8042,0.8131,219.36,222.5207,176.41,182.5544
2025-08-12,train,28051.59,28244.9543,0.8542,0.8624,228.06,230.6975,194.8,196.761
2025-08-13,train,26739.34,27972.2112,0.8601,0.8556,217.39,226.7248,186.99,194.9156
2025-08-14,train,30181.45,31254.0946,0.7343,0.7682,287.44,284.7611,211.06,221.3083
2025-08-15,train,52009.72,53390.6615,0.9301,0.949,391.05,392.5615,363.7,373.694
2025-08-16,train,55838.59,56547.2395,0.9645,0.9585,410.58,409.9944,396.02,397.3926
2025-08-17,train,26294.65,26950.3805,0.9206,0.9113,226.68,231.784,208.69,207.49
2025-08-18,train,21729.47,22041.2693,0.694,0.7205,233.65,233.8997,162.16,164.9759
2025-08-19,train,30603.14,30848.0382,0.913,0.8912,242.88,244.0799,221.76,222.8077
2025-08-20,train,36218.89,37124.4206,0.9091,0.9371,278.61,276.4016,253.28,254.3144
2025-08-21,train,40219.98,39789.4605,0.979,0.9823,287.29,286.4154,281.26,277.2151
2025-08-22,train,64008.05,61773.8049,0.993,0.9777,453.96,442.0548,450.76,435.3256
2025-08-23,train,70941.25,67493.3645,0.9931,0.9737,492.65,478.4937,489.25,472.0968
2025-08-24,train,34157.44,34167.9713,0.9793,0.9665,240.55,245.4552,235.57,234.8655
2025-08-25,train,40278.47,39495.7346,0.9862,0.9651,281.67,280.1678,277.78,271.617
2025-08-26,train,30372.63,29641.9061,0.8414,0.8241,248.96,251.7894,209.47,207.4132
2025-08-27,train,37358.6,36693.2794,0.9514,0.9592,272.69,273.1858,259.43,259.7987
2025-08-28,train,39943.48,39819.2433,0.9724,0.9704,283.29,283.1546,275.47,274.945
2025-08-29,train,72686.32,72991.2454,0.9932,0.9732,501.28,495.1595,497.85,501.7889
2025-08-30,train,79685.87,79689.8762,1.0,0.9751,549.56,546.1472,549.56,545.2302
2025-08-31,train,49975.4,47879.86,1.0,0.9835,342.3,336.207,342.3,329.5002
2025-09-01,train,33840.67,34670.522,0.9034,0.9395,258.33,260.9886,233.38,238.9111
2025-09-02,train,39622.62,38472.2672,0.9517,0.9447,287.12,286.0337,273.26,270.6356
2025-09-03,train,45414.11,44500.1055,0.9863,0.9804,315.38,311.7237,311.06,308.4303
2025-09-04,train,52237.98,52337.851,1.0,0.9846,357.79,354.2875,357.79,353.2657
2025-09-05,train,71809.03,70635.3993,0.9658,0.9651,509.28,504.2176,491.84,481.6115
2025-09-06,train,80382.76,77214.4854,0.9932,0.9741,554.36,543.0444,550.57,523.8649
2025-09-07,train,40152.79,39106.6771,0.9929,0.9596,286.81,292.1042,284.77,279.7866
2025-09-08,train,55075.61,53520.1607,0.9929,0.9698,396.23,393.7546,393.4,386.2634
2025-09-09,train,60889.34,58662.8534,1.0,0.9852,425.8,417.9135,425.8,420.2697
2025-09-10,train,52591.14,53371.1432,0.9231,0.9331,398.42,400.4711,367.77,371.2239
2025-09-11,train,47689.09,48711.8382,0.7958,0.825,422.03,415.4823,335.84,340.312
2025-09-12,train,69990.37000000001,72038.4768,0.8662,0.8731,569.03,567.6733,492.89,502.1867
2025-09-13,train,82617.45,82129.9311,0.931,0.9605,611.98,600.1214,569.78,565.171
2025-09-14,train,43511.02,43186.6834,0.951,0.9236,319.93,318.4085,304.27,301.8895
2025-09-15,train,70381.31,65604.4138,0.9861,0.9506,495.64,480.8912,488.76,454.2154
2025-09-16,train,72570.31999999999,71125.8321,0.9931,0.9556,507.48,508.7342,503.96,492.5448
2025-09-17,train,67321.81999999999,68466.2169,0.9291,0.9177,513.91,512.6167,477.46,481.408
2025-09-18,train,63056.49,63339.8335,0.8699,0.8979,496.51,491.0512,431.89,444.2263
2025-09-19,train,74039.37,75545.1643,0.9315,0.9311,544.41,557.3887,507.12,515.9403
2025-09-20,train,78891.74,81783.2706,0.8767,0.9101,616.34,604.5264,540.35,558.9994
2025-09-21,train,47534.61,47640.9666,0.9444,0.9304,349.52,345.5907,330.1,330.201
2025-09-22,train,70817.39,72800.7979,0.9247,0.9323,524.57,519.9468,485.05,493.8334
2025-09-23,train,84113.53,83854.895,0.9862,0.9709,588.21,588.7444,580.09,576.1473
2025-09-24,train,85231.88,87523.111,0.9932,0.9717,587.81,606.6005,583.78,596.1117
2025-09-25,train,88798.05,87706.8226,0.9932,0.9745,612.4,603.8531,608.21,595.3628
2025-09-26,train,110516.14,89595.6698,0.9795,0.96,772.84,622.6183,756.96,609.344
2025-09-27,train,112580.55,89904.9764,0.9795,0.9614,787.28,622.1126,771.1,607.8821
2025-09-28,train,37226.39,39813.0579,0.766,0.858,344.69,338.274,264.02,289.3472
2025-09-29,train,35316.21,37883.5227,0.7899,0.8216,324.0,325.0733,255.91,267.9124
2025-09-30,train,37019.37,38994.3968,0.7857,0.8338,336.54,342.6022,264.42,274.2307
2025-10-01,train,41498.21,42754.5821,0.9118,0.9104,334.66,358.7756,305.13,302.9018
2025-10-02,train,48869.66,53913.1733,0.9568,0.9509,367.44,384.9367,351.58,372.2941
2025-10-03,train,75614.2,75981.8756,0.9789,0.9613,543.99,546.4847,532.49,519.2481
2025-10-04,train,84023.72,82416.6816,0.9932,0.9823,579.47,585.4831,575.5,562.401
2025-10-05,train,37462.6,37033.013,0.9028,0.8698,288.17,305.858,260.16,255.7454
2025-10-06,train,62368.56,61391.818,0.9514,0.952,455.24,427.1366,433.12,414.9362
2025-10-07,train,70485.37,64288.2993,1.0,0.9793,482.78,455.0606,482.78,437.5729
2025-10-08,train,69779.05,63825.0571,1.0,0.9704,477.94,452.4017,477.94,434.6614
2025-10-09,train,58375.9,56635.2347,0.9724,0.9673,414.01,405.4402,402.59,401.1967
2025-10-10,train,82879.19,77984.0657,1.0,0.9703,571.58,552.4174,571.58,537.3787
2025-10-11,train,87348.22,85207.0943,1.0,0.9766,598.28,597.001,598.28,586.7834
2025-10-12,train,49637.87,47230.9401,0.9863,0.9735,344.71,337.5128,339.99,318.3596
2025-10-13,train,51922.16,55276.1655,0.8828,0.9385,405.64,401.7903,358.08,383.2374
2025-10-14,train,68136.55,70547.8742,0.9589,0.9769,486.69,494.7501,466.69,488.5116
2025-10-15,train,73453.74,70305.8304,1.0,0.9875,503.11,496.0843,503.11,486.3142
2025-10-16,train,54942.1,63631.8811,0.8194,0.9128,465.61,466.5513,381.54,433.7105
2025-10-17,train,71674.09,83044.1097,0.8621,0.9351,573.39,599.0686,494.3,572.663
2025-10-18,train,85953.48,83701.2825,0.9241,0.9628,641.44,602.4778,592.78,577.3034
2025-10-19,train,30969.1,34840.8034,0.8333,0.8763,258.08,279.4181,215.06,241.914
2025-10-20,train,37382.15,42092.9051,0.7862,0.8618,327.91,337.0093,257.81,286.6702
2025-10-21,train,61031.2,59112.4715,1.0,0.9757,418.02,417.8431,418.02,404.3331
2025-10-22,train,59278.9,58578.728,0.9863,0.9761,411.66,412.6462,406.02,396.2428
2025-10-23,train,49881.43,53207.5118,0.8207,0.8994,419.17,425.0244,344.01,370.6615
2025-10-24,train,74939.01,76137.1743,0.9589,0.9689,535.28,545.4339,513.28,520.1776
2025-10-25,train,82655.85,84075.5324,0.9795,0.9706,578.01,596.6276,566.14,575.1908
2025-10-26,train,25911.95,25763.768,0.7669,0.7503,254.04,264.1898,194.83,196.6511
2025-10-27,train,44665.29,45828.3325,0.9722,0.961,319.04,324.6345,310.18,314.1829
2025-10-28,train,50744.61,54022.8668,0.9931,0.9712,352.39,365.2244,349.96,365.7808
2025-10-29,train,48838.49,48546.5887,1.0,0.9466,339.16,348.4192,339.16,331.3727
2025-10-30,train,47817.92,47198.2144,0.9858,0.9334,344.01,358.2962,339.13,342.7856
2025-10-31,train,72616.13,75490.4341,1.0,0.9604,504.28,520.4965,504.28,517.4576
2025-11-01,test,95784.59,85507.8057,1.0,0.9879,660.58,597.0094,660.58,586.4331
2025-11-02,test,39035.8,40212.9218,0.9861,0.9156,274.9,301.9947,271.08,281.032
2025-11-03,test,48433.22,48015.9725,0.9929,0.9465,348.44,350.7036,345.95,342.0427
2025-11-04,test,51093.17,49902.0018,0.9858,0.9453,367.58,372.3113,362.36,349.0056
2025-11-05,test,52216.41,49463.0133,1.0,0.9512,367.72,364.058,367.72,349.3205
2025-11-06,test,54799.93,51684.8919,1.0,0.9505,380.56,372.4186,380.56,357.3368
2025-11-07,test,71612.68000000001,74800.8217,0.9514,0.9635,522.72,533.7114,497.31,515.6108
2025-11-08,test,78252.45,78104.6469,1.0,0.9769,543.42,553.4191,543.42,540.0115
2025-11-09,test,31547.66,32141.4432,0.9357,0.8914,240.82,264.952,225.34,235.1465
2025-11-10,test,29229.78,30598.5592,0.7842,0.8007,268.16,273.296,210.29,222.3809
2025-11-11,test,36603.35,39531.4504,0.8873,0.8777,290.5,308.8469,257.77,273.4342
2025-11-12,test,45562.54,46079.6778,0.9789,0.9503,327.79,346.405,320.86,316.2947
2025-11-13,test,38741.23,40401.9727,0.8913,0.8523,314.97,327.5748,280.73,282.1941
2025-11-14,test,59271.87,57988.1909,0.9281,0.8651,459.47,452.586,426.42,400.2456
2025-11-15,test,66333.85,73744.7574,0.9371,0.9297,495.03,508.5974,463.87,501.8473
2025-11-16,test,24202.9,25078.2638,0.8284,0.8208,218.04,230.7157,180.62,195.2232
2025-11-17,test,32053.84,30837.9049,0.8235,0.8108,286.2,282.8789,235.69,218.6207
2025-11-18,test,41336.32,40296.4898,0.986,0.9079,293.17,305.0612,289.07,276.9398
2025-11-19,test,41584.560000000005,42598.2473,0.9577,0.9262,305.77,315.2409,292.85,297.6082
2025-11-20,test,36213.68,38069.9319,0.9097,0.9242,276.44,293.6411,251.48,271.9711
2025-11-21,test,45403.74,49875.1027,0.8849,0.8916,369.14,385.6655,326.65,356.5276
2025-11-22,test,56017.3,57532.6752,0.9583,0.9467,405.92,417.1632,389.01,395.6234
2025-11-23,test,20832.81,23057.8189,0.7376,0.7886,200.32,205.9289,147.75,165.8981
2025-11-24,test,16156.79,17176.9692,0.6043,0.7238,192.34,186.7036,116.24,129.183
2025-11-25,test,15614.25,15820.4592,0.5704,0.6182,192.77,189.9564,109.96,108.1984
2025-11-26,test,19028.18,21153.1722,0.5804,0.7176,229.26,230.5858,133.06,174.8788
2025-11-27,test,26069.63,30441.0104,0.6294,0.7691,289.66,280.5094,182.31,216.9844
2025-11-28,test,36173.64,41328.1811,0.8369,0.885,306.56,335.547,256.55,307.3935
2025-11-29,test,28275.65,26417.4721,0.7174,0.7119,285.61,289.6457,204.9,190.1669
2025-11-30,test,15844.63,16762.3494,0.6269,0.6159,188.63,217.2788,118.24,122.9357
2025-12-01,test,22548.96,25559.7495,0.6014,0.6351,271.67,286.5919,163.4,190.0178
2025-12-02,test,47023.62,46814.5242,0.8478,0.8848,401.91,387.7773,340.75,333.5524
2025-12-03,test,67194.93000000001,67369.412,0.9852,0.9843,505.23,477.7157,497.74,478.1329
2025-12-04,test,67300.99,68671.3565,0.9097,0.9733,513.75,483.4181,467.37,478.3856
2025-12-05,test,89016.76000000001,81419.0201,1.0,0.9738,622.49,565.0037,622.49,562.918
2025-12-06,test,79690.71,81347.4545,0.9366,0.9531,599.18,571.1958,561.2,560.603
2025-12-07,test,36566.08,40671.4121,0.806,0.9051,338.57,345.3197,272.88,286.085
2025-12-08,test,55263.53,57676.8207,0.9286,0.967,425.1,424.0001,394.74,416.7865
2025-12-09,test,78829.98,77991.0008,0.9931,0.972,547.43,576.0123,543.66,546.1212
2025-12-10,test,80040.82,76915.6462,1.0,0.9812,552.01,545.6414,552.01,530.846
2025-12-11,test,71277.63,72027.1502,0.9931,0.9646,498.44,497.8589,494.98,492.9427
2025-12-12,test,77405.76,80265.1589,0.9648,0.9597,565.01,571.7253,545.11,558.9376
2025-12-13,test,79336.83,81821.0859,0.993,0.9654,558.71,584.8019,554.8,573.4704
2025-12-14,test,23968.65,28436.0272,0.8045,0.8988,224.01,267.7405,180.22,222.4692
2025-12-15,test,29790.93,31395.4463,0.8102,0.8171,268.39,274.7405,217.45,221.4254
2025-12-16,test,31899.6,30131.7028,0.8417,0.7892,272.65,279.1237,229.49,222.9902
2025-12-17,test,27499.72,26407.9017,0.7676,0.7489,252.29,263.2539,193.66,194.155
2025-12-18,test,26495.92,29596.3535,0.7222,0.7786,254.77,263.9458,184.0,197.6726
2025-12-19,test,44236.24,49518.1238,0.9167,0.9356,335.12,367.9144,307.2,337.3216
2025-12-20,test,53657.77,53960.6269,1.0,0.9544,372.62,398.9785,372.62,369.8501
2025-12-21,test,21453.88,25056.1176,0.9767,0.9611,170.27,202.9093,166.31,179.9093
2025-12-22,test,17046.719999999998,21058.3354,0.7101,0.79,173.95,193.7423,123.53,159.2823
2025-12-23,test,17301.789999999997,22506.0887,0.6828,0.8054,174.77,208.4199,119.32,160.19
2025-12-24,test,19672.08,27126.1618,0.7063,0.8788,194.77,220.7041,137.57,197.712
2025-12-25,test,25455.56,31347.0871,0.8182,0.8899,217.57,253.9546,178.01,218.7698
2025-12-26,test,39509.37,43323.744,0.8857,0.927,318.62,344.6222,282.21,316.5035
2025-12-27,test,42781.79,51485.0133,0.8239,0.9477,365.66,392.4775,301.28,356.3664
2025-12-28,test,35272.18,37209.8513,0.9209,0.9509,275.56,282.505,253.76,270.0428
2025-12-29,test,28623.88,32352.6308,0.7698,0.8223,267.51,279.5003,205.93,230.9435
2025-12-30,test,32613.19,35706.3893,0.7203,0.7986,316.63,321.6176,228.06,255.199
2025-12-31,test,68364.42,66852.8629,0.9586,0.9621,491.83,468.4502,471.48,459.8701
